CC_ID,CLUSTER_ID,RULE_ID,POINTS,WHEN_EXPR,EVIDENCE_LABEL
gu_uti_symptoms,CL_GU_CYSTITIS,CSR_UTI_CYS_01,3,"answers.Q_UTI_DYSURIA == 'yes'",Dysuria present
gu_uti_symptoms,CL_GU_CYSTITIS,CSR_UTI_CYS_02,2,"answers.Q_UTI_FREQUENCY == 'yes'",Urinary frequency
gu_uti_symptoms,CL_GU_CYSTITIS,CSR_UTI_CYS_03,2,"answers.Q_UTI_URGENCY == 'yes'",Urinary urgency
gu_uti_symptoms,CL_GU_CYSTITIS,CSR_UTI_CYS_04,1,"answers.Q_UTI_FEVER == 'no'",No fever (lower tract)
gu_uti_symptoms,CL_GU_CYSTITIS,CSR_UTI_CYS_05,1,"answers.Q_UTI_FLANK_PAIN == 'no'",No flank pain (lower tract)
gu_uti_symptoms,CL_GU_PYELO,CSR_UTI_PYL_01,4,"answers.Q_UTI_FLANK_PAIN == 'yes'",Flank pain
gu_uti_symptoms,CL_GU_PYELO,CSR_UTI_PYL_02,3,"answers.Q_UTI_FEVER == 'yes'",Fever present
gu_uti_symptoms,CL_GU_PYELO,CSR_UTI_PYL_03,1,"answers.Q_UTI_CHILLS == 'yes'",Chills
gu_uti_symptoms,CL_GU_PYELO,CSR_UTI_PYL_04,1,"answers.Q_UTI_NAUSEA == 'yes'",Nausea
gu_uti_symptoms,CL_GU_PYELO,CSR_UTI_PYL_05,1,"answers.Q_UTI_VOMITING == 'yes'",Vomiting
gu_uti_symptoms,CL_GU_UROSEPSIS,CSR_UTI_SEP_01,3,"answers.Q_UTI_FEVER == 'yes'",Fever (systemic)
gu_uti_symptoms,CL_GU_UROSEPSIS,CSR_UTI_SEP_02,4,"answers.Q_UTI_CONFUSION == 'yes'",Confusion (AMS)
gu_uti_symptoms,CL_GU_UROSEPSIS,CSR_UTI_SEP_03,3,"answers.Q_UTI_WEAKNESS == 'yes'",Severe weakness
gu_uti_symptoms,CL_GU_UROSEPSIS,CSR_UTI_SEP_04,2,"answers.Q_UTI_CHILLS == 'yes'",Rigors
gu_uti_symptoms,CL_GU_PREGNANCY_UTI,CSR_UTI_PREG_01,6,"answers.Q_UTI_PREGNANT == 'yes'",Pregnancy
gu_uti_symptoms,CL_GU_PREGNANCY_UTI,CSR_UTI_PREG_02,2,"answers.Q_UTI_DYSURIA == 'yes'",Dysuria in pregnancy
gu_uti_symptoms,CL_GU_PREGNANCY_UTI,CSR_UTI_PREG_03,1,"answers.Q_UTI_FREQUENCY == 'yes'",Frequency in pregnancy
gu_uti_symptoms,CL_GU_PREGNANCY_UTI,CSR_UTI_PREG_04,1,"answers.Q_UTI_URGENCY == 'yes'",Urgency in pregnancy
gu_uti_symptoms,CL_GU_MALE_UTI,CSR_UTI_MALE_01,3,"answers.Q_UTI_MALE == 'yes'",Male patient
gu_uti_symptoms,CL_GU_MALE_UTI,CSR_UTI_MALE_02,2,"answers.Q_UTI_DYSURIA == 'yes'",Dysuria in male
gu_uti_symptoms,CL_GU_MALE_UTI,CSR_UTI_MALE_03,1,"answers.Q_UTI_FREQUENCY == 'yes'",Frequency in male
gu_uti_symptoms,CL_GU_IMMUNO,CSR_UTI_IMM_01,4,"answers.Q_UTI_IMMUNOCOMPROMISED == 'yes'",Immunocompromised
gu_uti_symptoms,CL_GU_IMMUNO,CSR_UTI_IMM_02,3,"answers.Q_UTI_FEVER == 'yes'",Fever in immunocompromised
gu_uti_symptoms,CL_GU_IMMUNO,CSR_UTI_IMM_03,1,"answers.Q_UTI_DYSURIA == 'yes'",Dysuria
gu_uti_symptoms,CL_GU_HEMATURIA,CSR_UTI_HEM_01,4,"answers.Q_UTI_GROSS_HEMATURIA == 'yes'",Gross hematuria
gu_uti_symptoms,CL_GU_HEMATURIA,CSR_UTI_HEM_02,3,"answers.Q_UTI_CLOTS == 'yes'",Blood clots
gu_uti_symptoms,CL_GU_HEMATURIA,CSR_UTI_HEM_03,2,"answers.Q_UTI_RETENTION == 'yes'",Urinary retention
gu_uti_symptoms,CL_GU_RENAL_STONE,CSR_UTI_STO_01,4,"answers.Q_UTI_COLICKY_PAIN == 'yes'",Colicky pain
gu_uti_symptoms,CL_GU_RENAL_STONE,CSR_UTI_STO_02,3,"answers.Q_UTI_GROIN_RADIATION == 'yes'",Groin radiation
gu_uti_symptoms,CL_GU_RENAL_STONE,CSR_UTI_STO_03,2,"answers.Q_UTI_GROSS_HEMATURIA == 'yes'",Microscopic hematuria
gu_uti_symptoms,CL_GU_RENAL_STONE,CSR_UTI_STO_04,1,"answers.Q_UTI_FEVER == 'no'",Afebrile (stone)
gu_uti_symptoms,CL_GU_STI_MIMIC,CSR_UTI_STI_01,3,"answers.Q_UTI_DISCHARGE == 'yes'",Urethral discharge
gu_uti_symptoms,CL_GU_STI_MIMIC,CSR_UTI_STI_02,3,"answers.Q_UTI_NEW_PARTNER == 'yes'",New sexual partner
gu_uti_symptoms,CL_GU_STI_MIMIC,CSR_UTI_STI_03,2,"answers.Q_UTI_GENITAL_LESIONS == 'yes'",Genital lesions
gu_uti_symptoms,CL_GU_STI_MIMIC,CSR_UTI_STI_04,1,"answers.Q_UTI_DYSURIA == 'yes'",Dysuria (STI overlap)
gu_uti_symptoms,CL_GU_NO_UTI,CSR_UTI_NO_01,3,"answers.Q_UTI_DYSURIA == 'no'",No dysuria
gu_uti_symptoms,CL_GU_NO_UTI,CSR_UTI_NO_02,2,"answers.Q_UTI_FREQUENCY == 'no'",No frequency
gu_uti_symptoms,CL_GU_NO_UTI,CSR_UTI_NO_03,1,"answers.Q_UTI_FEVER == 'no'",No fever
gu_uti_symptoms,CL_GU_NO_UTI,CSR_UTI_NO_04,1,"answers.Q_UTI_FLANK_PAIN == 'no'",No flank pain
gu_testicular_pain_prostatitis,CL_GU_TORSION,CSR_TP_TOR_01,4,"answers.Q_TP_SUDDEN_ONSET == 'yes'",Sudden onset
gu_testicular_pain_prostatitis,CL_GU_TORSION,CSR_TP_TOR_02,3,"answers.Q_TP_SEVERE_PAIN == 'yes'",Severe pain
gu_testicular_pain_prostatitis,CL_GU_TORSION,CSR_TP_TOR_03,2,"answers.Q_TP_UNILATERAL == 'yes'",Unilateral
gu_testicular_pain_prostatitis,CL_GU_TORSION,CSR_TP_TOR_04,3,"answers.Q_TP_HIGH_RIDING == 'yes'",High-riding testis
gu_testicular_pain_prostatitis,CL_GU_TORSION,CSR_TP_TOR_05,1,"answers.Q_TP_NAUSEA == 'yes'",Nausea
gu_testicular_pain_prostatitis,CL_GU_TORSION,CSR_TP_TOR_06,1,"answers.Q_TP_VOMITING == 'yes'",Vomiting
gu_testicular_pain_prostatitis,CL_GU_EPID_STI,CSR_TP_ESTI_01,2,"answers.Q_TP_DYSURIA == 'yes'",Dysuria
gu_testicular_pain_prostatitis,CL_GU_EPID_STI,CSR_TP_ESTI_02,3,"answers.Q_TP_DISCHARGE == 'yes'",Discharge
gu_testicular_pain_prostatitis,CL_GU_EPID_STI,CSR_TP_ESTI_03,3,"answers.Q_TP_NEW_PARTNER == 'yes'",New sexual partner
gu_testicular_pain_prostatitis,CL_GU_EPID_STI,CSR_TP_ESTI_04,1,"answers.Q_TP_SEVERE_PAIN == 'no'",No severe pain
gu_testicular_pain_prostatitis,CL_GU_EPID_ENTERIC,CSR_TP_EENT_01,3,"answers.Q_TP_OLDER_AGE == 'yes'",Older age
gu_testicular_pain_prostatitis,CL_GU_EPID_ENTERIC,CSR_TP_EENT_02,3,"answers.Q_TP_URINARY_SX == 'yes'",Urinary symptoms
gu_testicular_pain_prostatitis,CL_GU_EPID_ENTERIC,CSR_TP_EENT_03,2,"answers.Q_TP_DYSURIA == 'yes'",Dysuria
gu_testicular_pain_prostatitis,CL_GU_EPID_ENTERIC,CSR_TP_EENT_04,1,"answers.Q_TP_NEW_PARTNER == 'no'",No new partner
gu_testicular_pain_prostatitis,CL_GU_FOURNIER,CSR_TP_FOU_01,3,"answers.Q_TP_FEVER == 'yes'",Fever
gu_testicular_pain_prostatitis,CL_GU_FOURNIER,CSR_TP_FOU_02,4,"answers.Q_TP_SKIN_CHANGES == 'yes'",Skin changes
gu_testicular_pain_prostatitis,CL_GU_FOURNIER,CSR_TP_FOU_03,4,"answers.Q_TP_CREPITUS == 'yes'",Crepitus
gu_testicular_pain_prostatitis,CL_GU_FOURNIER,CSR_TP_FOU_04,1,"answers.Q_TP_SEVERE_PAIN == 'yes'",Severe pain
gu_testicular_pain_prostatitis,CL_GU_HERNIA,CSR_TP_HER_01,4,"answers.Q_TP_GROIN_BULGE == 'yes'",Groin bulge
gu_testicular_pain_prostatitis,CL_GU_HERNIA,CSR_TP_HER_02,3,"answers.Q_TP_OBSTRUCTION_SX == 'yes'",Obstruction symptoms
gu_testicular_pain_prostatitis,CL_GU_HERNIA,CSR_TP_HER_03,2,"answers.Q_TP_VOMITING == 'yes'",Vomiting
gu_testicular_pain_prostatitis,CL_GU_HERNIA,CSR_TP_HER_04,1,"answers.Q_TP_SEVERE_PAIN == 'yes'",Severe pain
gu_testicular_pain_prostatitis,CL_GU_PROSTATITIS,CSR_TP_PRO_01,3,"answers.Q_TP_FEVER == 'yes'",Fever
gu_testicular_pain_prostatitis,CL_GU_PROSTATITIS,CSR_TP_PRO_02,3,"answers.Q_TP_PERINEAL_PAIN == 'yes'",Perineal pain
gu_testicular_pain_prostatitis,CL_GU_PROSTATITIS,CSR_TP_PRO_03,2,"answers.Q_TP_RETENTION == 'yes'",Urinary retention
gu_testicular_pain_prostatitis,CL_GU_PROSTATITIS,CSR_TP_PRO_04,1,"answers.Q_TP_DYSURIA == 'yes'",Dysuria
gu_testicular_pain_prostatitis,CL_GU_PROSTATITIS,CSR_TP_PRO_05,1,"answers.Q_TP_URINARY_SX == 'yes'",Urinary symptoms
gu_testicular_pain_prostatitis,CL_GU_TRAUMA,CSR_TP_TRA_01,4,"answers.Q_TP_TRAUMA == 'yes'",Trauma history
gu_testicular_pain_prostatitis,CL_GU_TRAUMA,CSR_TP_TRA_02,3,"answers.Q_TP_SWELLING == 'yes'",Swelling
gu_testicular_pain_prostatitis,CL_GU_TRAUMA,CSR_TP_TRA_03,2,"answers.Q_TP_SEVERE_PAIN == 'yes'",Severe pain
gu_testicular_pain_prostatitis,CL_GU_VARICOCELE,CSR_TP_VAR_01,3,"answers.Q_TP_CHRONIC == 'yes'",Chronic pain
gu_testicular_pain_prostatitis,CL_GU_VARICOCELE,CSR_TP_VAR_02,3,"answers.Q_TP_WORSE_STANDING == 'yes'",Worse standing
gu_testicular_pain_prostatitis,CL_GU_VARICOCELE,CSR_TP_VAR_03,1,"answers.Q_TP_FEVER == 'no'",No fever
gu_testicular_pain_prostatitis,CL_GU_VARICOCELE,CSR_TP_VAR_04,1,"answers.Q_TP_SEVERE_PAIN == 'no'",No severe pain
gu_testicular_pain_prostatitis,CL_GU_STONE_REF,CSR_TP_STN_01,4,"answers.Q_TP_FLANK_GROIN == 'yes'",Flank to groin pain
gu_testicular_pain_prostatitis,CL_GU_STONE_REF,CSR_TP_STN_02,3,"answers.Q_TP_HEMATURIA == 'yes'",Hematuria
gu_testicular_pain_prostatitis,CL_GU_STONE_REF,CSR_TP_STN_03,1,"answers.Q_TP_NAUSEA == 'yes'",Nausea
gu_testicular_pain_prostatitis,CL_GU_BENIGN_TP,CSR_TP_BEN_01,2,"answers.Q_TP_CHRONIC == 'yes'",Chronic pain
gu_testicular_pain_prostatitis,CL_GU_BENIGN_TP,CSR_TP_BEN_02,2,"answers.Q_TP_FEVER == 'no'",No fever
gu_testicular_pain_prostatitis,CL_GU_BENIGN_TP,CSR_TP_BEN_03,2,"answers.Q_TP_SEVERE_PAIN == 'no'",No severe pain
gu_testicular_pain_prostatitis,CL_GU_BENIGN_TP,CSR_TP_BEN_04,1,"answers.Q_TP_SUDDEN_ONSET == 'no'",No sudden onset
gyn_pelvic_pain,CL_GYN_ECTOPIC,CSR_PP_ECT_01,4,"answers.Q_PP_PREGNANT == 'yes'",Pregnancy
gyn_pelvic_pain,CL_GYN_ECTOPIC,CSR_PP_ECT_02,2,"answers.Q_PP_MISSED_PERIOD == 'yes'",Missed period
gyn_pelvic_pain,CL_GYN_ECTOPIC,CSR_PP_ECT_03,3,"answers.Q_PP_VAGINAL_BLEEDING == 'yes'",Vaginal bleeding
gyn_pelvic_pain,CL_GYN_ECTOPIC,CSR_PP_ECT_04,2,"answers.Q_PP_DIZZINESS == 'yes'",Dizziness
gyn_pelvic_pain,CL_GYN_ECTOPIC,CSR_PP_ECT_05,2,"answers.Q_PP_HYPOTENSION == 'yes'",Hypotension
gyn_pelvic_pain,CL_GYN_TORSION,CSR_PP_TOR_01,4,"answers.Q_PP_SUDDEN_ONSET == 'yes'",Sudden onset
gyn_pelvic_pain,CL_GYN_TORSION,CSR_PP_TOR_02,4,"answers.Q_PP_SEVERE_UNILATERAL == 'yes'",Severe unilateral
gyn_pelvic_pain,CL_GYN_TORSION,CSR_PP_TOR_03,2,"answers.Q_PP_NAUSEA == 'yes'",Nausea
gyn_pelvic_pain,CL_GYN_TORSION,CSR_PP_TOR_04,1,"answers.Q_PP_VOMITING == 'yes'",Vomiting
gyn_pelvic_pain,CL_GYN_PID,CSR_PP_PID_01,3,"answers.Q_PP_FEVER == 'yes'",Fever
gyn_pelvic_pain,CL_GYN_PID,CSR_PP_PID_02,3,"answers.Q_PP_DISCHARGE == 'yes'",Discharge
gyn_pelvic_pain,CL_GYN_PID,CSR_PP_PID_03,2,"answers.Q_PP_STI_RISK == 'yes'",STI risk
gyn_pelvic_pain,CL_GYN_PID,CSR_PP_PID_04,1,"answers.Q_PP_PELVIC_PAIN == 'yes'",Pelvic pain
gyn_pelvic_pain,CL_GYN_RUPTURED_CYST,CSR_PP_CYS_01,3,"answers.Q_PP_SUDDEN_ONSET == 'yes'",Sudden onset
gyn_pelvic_pain,CL_GYN_RUPTURED_CYST,CSR_PP_CYS_02,3,"answers.Q_PP_AFTER_ACTIVITY == 'yes'",After activity
gyn_pelvic_pain,CL_GYN_RUPTURED_CYST,CSR_PP_CYS_03,2,"answers.Q_PP_RESOLVING == 'yes'",Resolving pain
gyn_pelvic_pain,CL_GYN_RUPTURED_CYST,CSR_PP_CYS_04,1,"answers.Q_PP_FEVER == 'no'",No fever
gyn_pelvic_pain,CL_GYN_ENDOMETRIOSIS,CSR_PP_END_01,4,"answers.Q_PP_CYCLICAL == 'yes'",Cyclical pain
gyn_pelvic_pain,CL_GYN_ENDOMETRIOSIS,CSR_PP_END_02,3,"answers.Q_PP_MENSES_RELATED == 'yes'",Menses related
gyn_pelvic_pain,CL_GYN_ENDOMETRIOSIS,CSR_PP_END_03,1,"answers.Q_PP_PELVIC_PAIN == 'yes'",Pelvic pain
gyn_pelvic_pain,CL_GYN_FIBROIDS,CSR_PP_FIB_01,4,"answers.Q_PP_HEAVY_BLEEDING == 'yes'",Heavy bleeding
gyn_pelvic_pain,CL_GYN_FIBROIDS,CSR_PP_FIB_02,3,"answers.Q_PP_PELVIC_PRESSURE == 'yes'",Pelvic pressure
gyn_pelvic_pain,CL_GYN_FIBROIDS,CSR_PP_FIB_03,1,"answers.Q_PP_PELVIC_PAIN == 'yes'",Pelvic pain
gyn_pelvic_pain,CL_GYN_UTI_MIMIC,CSR_PP_UTI_01,4,"answers.Q_PP_DYSURIA == 'yes'",Dysuria
gyn_pelvic_pain,CL_GYN_UTI_MIMIC,CSR_PP_UTI_02,3,"answers.Q_PP_FREQUENCY == 'yes'",Frequency
gyn_pelvic_pain,CL_GYN_UTI_MIMIC,CSR_PP_UTI_03,1,"answers.Q_PP_FEVER == 'yes'",Fever
gyn_pelvic_pain,CL_GYN_APPENDICITIS,CSR_PP_APP_01,4,"answers.Q_PP_RLQ_PAIN == 'yes'",RLQ pain
gyn_pelvic_pain,CL_GYN_APPENDICITIS,CSR_PP_APP_02,3,"answers.Q_PP_FEVER == 'yes'",Fever
gyn_pelvic_pain,CL_GYN_APPENDICITIS,CSR_PP_APP_03,2,"answers.Q_PP_ANOREXIA == 'yes'",Anorexia
gyn_pelvic_pain,CL_GYN_APPENDICITIS,CSR_PP_APP_04,1,"answers.Q_PP_NAUSEA == 'yes'",Nausea
gyn_pelvic_pain,CL_GYN_SEPSIS,CSR_PP_SEP_01,3,"answers.Q_PP_FEVER == 'yes'",Fever
gyn_pelvic_pain,CL_GYN_SEPSIS,CSR_PP_SEP_02,4,"answers.Q_PP_CONFUSION == 'yes'",Confusion
gyn_pelvic_pain,CL_GYN_SEPSIS,CSR_PP_SEP_03,4,"answers.Q_PP_HYPOTENSION == 'yes'",Hypotension
gyn_pelvic_pain,CL_GYN_SEPSIS,CSR_PP_SEP_04,1,"answers.Q_PP_VOMITING == 'yes'",Vomiting
gyn_pelvic_pain,CL_GYN_SEPSIS,CSR_PP_SEP_05,1,"answers.Q_PP_DIZZINESS == 'yes'",Dizziness
gyn_pelvic_pain,CL_GYN_BENIGN,CSR_PP_BEN_01,2,"answers.Q_PP_PELVIC_PAIN == 'yes'",Pelvic pain present
gyn_pelvic_pain,CL_GYN_BENIGN,CSR_PP_BEN_02,2,"answers.Q_PP_FEVER == 'no'",No fever
gyn_pelvic_pain,CL_GYN_BENIGN,CSR_PP_BEN_03,1,"answers.Q_PP_PREGNANT == 'no'",Not pregnant
gyn_pelvic_pain,CL_GYN_BENIGN,CSR_PP_BEN_04,1,"answers.Q_PP_SUDDEN_ONSET == 'no'",No sudden onset
gyn_pelvic_pain,CL_GYN_BENIGN,CSR_PP_BEN_05,1,"answers.Q_PP_SEVERE_UNILATERAL == 'no'",No severe unilateral
ent_sinus_pressure,CL_SINUS_VIRAL,CSR_SIN_VIR_01,3,"answers.Q_SINUS_DUR < 10",Duration under 10 days
ent_sinus_pressure,CL_SINUS_VIRAL,CSR_SIN_VIR_02,2,"answers.Q_SINUS_FEVER == 'no'",No fever
ent_sinus_pressure,CL_SINUS_VIRAL,CSR_SIN_VIR_03,1,"answers.Q_SINUS_PURULENT == 'no'",No purulent discharge
ent_sinus_pressure,CL_SINUS_BACTERIAL,CSR_SIN_BAC_01,5,"answers.Q_SINUS_DUR >= 10",Duration 10+ days
ent_sinus_pressure,CL_SINUS_BACTERIAL,CSR_SIN_BAC_02,5,"answers.Q_SINUS_WORSE_AFTER_IMPROVE == 'yes'",Double worsening
ent_sinus_pressure,CL_SINUS_BACTERIAL,CSR_SIN_BAC_03,3,"answers.Q_SINUS_PURULENT == 'yes'",Purulent discharge
ent_sinus_pressure,CL_SINUS_BACTERIAL,CSR_SIN_BAC_04,3,"answers.Q_SINUS_FEVER == 'yes'",Fever present
ent_sinus_pressure,CL_SINUS_BACTERIAL,CSR_SIN_BAC_05,3,"answers.Q_SINUS_SEVERE_FACIAL == 'yes'",Severe facial pain
ent_sinus_pressure,CL_SINUS_ORBITAL_RISK,CSR_SIN_ORB_01,10,"answers.Q_EYE_SWELL == 'yes'",Periorbital swelling
ent_sinus_pressure,CL_SINUS_ORBITAL_RISK,CSR_SIN_ORB_02,10,"answers.Q_VISION_CHANGES == 'yes'",Vision changes
ent_sinus_pressure,CL_SINUS_ORBITAL_RISK,CSR_SIN_ORB_03,2,"answers.Q_SINUS_FEVER == 'yes'",Fever with orbital signs
ent_sinus_pressure,CL_SINUS_INTRACRANIAL_RISK,CSR_SIN_ICR_01,10,"answers.Q_SINUS_HEADACHE_SEVERE == 'yes'",Severe headache
ent_sinus_pressure,CL_SINUS_INTRACRANIAL_RISK,CSR_SIN_ICR_02,10,"answers.Q_NECK_STIFF == 'yes'",Neck stiffness
ent_sinus_pressure,CL_SINUS_INTRACRANIAL_RISK,CSR_SIN_ICR_03,8,"answers.Q_CONFUSION == 'yes'",Confusion
ent_sinus_pressure,CL_SINUS_INTRACRANIAL_RISK,CSR_SIN_ICR_04,2,"answers.Q_SINUS_FEVER == 'yes'",Fever with intracranial signs
ent_sinus_pressure,CL_SINUS_IMMUNO_HIGH_RISK,CSR_SIN_IMM_01,10,"answers.Q_IMMUNO == 'yes'",Immunocompromised
ent_sinus_pressure,CL_SINUS_IMMUNO_HIGH_RISK,CSR_SIN_IMM_02,5,"answers.Q_SINUS_FEVER == 'yes'",Fever in immunocompromised
ent_sinus_pressure,CL_SINUS_IMMUNO_HIGH_RISK,CSR_SIN_IMM_03,2,"answers.Q_SINUS_PURULENT == 'yes'",Purulent in immunocompromised
ent_ear_pain,CL_EAR_OTITIS_EXTERNA,CSR_EAR_OTITIS_01,4,"answers.Q_EAR_PAIN_PINNA == 'yes'",Tragus/pinna pain
ent_ear_pain,CL_EAR_OTITIS_EXTERNA,CSR_EAR_OTITIS_02,2,"answers.Q_EAR_SWIM == 'yes'",Water exposure
ent_ear_pain,CL_EAR_AOM,CSR_EAR_AOM_01,2,"answers.Q_EAR_FEVER == 'yes'",Fever
ent_ear_pain,CL_EAR_AOM,CSR_EAR_AOM_02,2,"answers.Q_EAR_HEARING == 'yes'",Hearing loss/fullness
ent_ear_pain,CL_EAR_AOM,CSR_EAR_AOM_03,1,"answers.Q_EAR_DUR <= 7",Short duration
ent_ear_pain,CL_EAR_PERFORATION,CSR_EAR_PERFOR_01,5,"answers.Q_EAR_DRAIN == 'yes'",Ear drainage
ent_ear_pain,CL_EAR_PERFORATION,CSR_EAR_PERFOR_02,1,"answers.Q_EAR_HEARING == 'yes'",Hearing change with perf
ent_ear_pain,CL_EAR_MASTOIDITIS,CSR_EAR_MASTOI_01,10,"answers.Q_EAR_MASTOID == 'yes'",Mastoid signs
ent_ear_pain,CL_EAR_MASTOIDITIS,CSR_EAR_MASTOI_02,3,"answers.Q_EAR_FEVER == 'yes'",Fever with mastoid
ent_nasal_congestion,CL_NC_VIRAL_URI,CSR_NC_VIRAL__01,3,"answers.Q_NC_DUR <= 10",Duration 10 days or less
ent_nasal_congestion,CL_NC_VIRAL_URI,CSR_NC_VIRAL__02,2,"answers.Q_NC_FEVER == 'yes'",Fever with URI
ent_nasal_congestion,CL_NC_ALLERGIC_RHINITIS,CSR_NC_ALLERG_01,4,"answers.Q_NC_ITCH == 'yes'",Itchy eyes/nose
ent_nasal_congestion,CL_NC_ALLERGIC_RHINITIS,CSR_NC_ALLERG_02,3,"answers.Q_NC_WATERY == 'yes'",Watery discharge
ent_nasal_congestion,CL_NC_ALLERGIC_RHINITIS,CSR_NC_ALLERG_03,2,"answers.Q_NC_FEVER == 'no'",No fever (allergic)
ent_nasal_congestion,CL_NC_BACTERIAL_SINUSITIS,CSR_NC_BACTER_01,4,"answers.Q_NC_DUR >= 10",Duration 10+ days
ent_nasal_congestion,CL_NC_BACTERIAL_SINUSITIS,CSR_NC_BACTER_02,3,"answers.Q_NC_PURULENT == 'yes'",Purulent discharge
ent_nasal_congestion,CL_NC_BACTERIAL_SINUSITIS,CSR_NC_BACTER_03,3,"answers.Q_NC_FACIAL == 'yes'",Facial pain/pressure
ent_nasal_congestion,CL_NC_BACTERIAL_SINUSITIS,CSR_NC_BACTER_04,2,"answers.Q_NC_FEVER == 'yes'",Fever
ent_epistaxis,CL_EPIX_ANTERIOR,CSR_EPIX_ANTERI_01,3,"answers.Q_EPIX_ACTIVE == 'yes'",Active bleeding
ent_epistaxis,CL_EPIX_ANTERIOR,CSR_EPIX_ANTERI_02,2,"answers.Q_EPIX_DURATION < 20",Brief episode
ent_epistaxis,CL_EPIX_POSTERIOR,CSR_EPIX_POSTER_01,5,"answers.Q_EPIX_HEAVY == 'yes'",Heavy bleeding
ent_epistaxis,CL_EPIX_POSTERIOR,CSR_EPIX_POSTER_02,4,"answers.Q_EPIX_DURATION >= 20",Prolonged >20 min
ent_epistaxis,CL_EPIX_POSTERIOR,CSR_EPIX_POSTER_03,2,"answers.Q_EPIX_BLOOD_THINNER == 'yes'",On anticoagulation
pulm_cough,CL_PCO_VIRAL_BRONCHITIS,CSR_PCO_VIRAL__01,3,"answers.Q_PCO_DUR <= 14",Duration under 2 weeks
pulm_cough,CL_PCO_VIRAL_BRONCHITIS,CSR_PCO_VIRAL__02,2,"answers.Q_PCO_FEVER == 'no'",No fever
pulm_cough,CL_PCO_PNEUMONIA,CSR_PCO_PNEUMO_01,4,"answers.Q_PCO_FEVER == 'yes'",Fever
pulm_cough,CL_PCO_PNEUMONIA,CSR_PCO_PNEUMO_02,2,"answers.Q_PCO_SOB == 'yes'",SOB
pulm_cough,CL_PCO_PNEUMONIA,CSR_PCO_PNEUMO_03,2,"answers.Q_PCO_CP == 'yes'",Chest pain
pulm_cough,CL_PCO_ASTHMA_REACTIVE,CSR_PCO_ASTHMA_01,4,"answers.Q_PCO_WHEEZE == 'yes'",Wheezing
pulm_cough,CL_PCO_ASTHMA_REACTIVE,CSR_PCO_ASTHMA_02,2,"answers.Q_PCO_NIGHT == 'yes'",Nocturnal/exercise pattern
pulm_cough,CL_PCO_POSTNASAL,CSR_PCO_POSTNA_01,2,"answers.Q_PCO_DUR >= 7",Duration 7+ days
pulm_cough,CL_PCO_POSTNASAL,CSR_PCO_POSTNA_02,1,"answers.Q_PCO_FEVER == 'no'",No fever
pulm_cough,CL_PCO_POSTNASAL,CSR_PCO_POSTNA_03,1,"answers.Q_PCO_WHEEZE == 'no'",No wheeze
pulm_cough,CL_PCO_POSTNASAL,CSR_PCO_POSTNA_04,3,"answers.Q_PCO_PND == 'yes'",Post-nasal drip symptom
pulm_cough,CL_PCO_POSTNASAL,CSR_PCO_POSTNA_NEG1,-3,"answers.Q_PCO_WHEEZE == 'yes' || answers.Q_PCO_SOB == 'yes'",Wheeze/SOB inconsistent with PND
pulm_cough,CL_PCO_POSTNASAL,CSR_PCO_POSTNA_NEG2,-6,"answers.Q_PCO_BLOOD == 'yes'",Hemoptysis rules out simple PND
pulm_cough,CL_PCO_GERD_COUGH,CSR_PCO_GERD_01,3,"answers.Q_PCO_HEARTBURN == 'yes'",Heartburn/acid reflux
pulm_cough,CL_PCO_GERD_COUGH,CSR_PCO_GERD_02,2,"answers.Q_PCO_NIGHT == 'yes'",Nocturnal cough (reflux pattern)
pulm_cough,CL_PCO_GERD_COUGH,CSR_PCO_GERD_03,1,"answers.Q_PCO_FEVER == 'no'",No fever (non-infectious)
pulm_cough,CL_PCO_GERD_COUGH,CSR_PCO_GERD_NEG1,-4,"answers.Q_PCO_SOB == 'yes' || answers.Q_PCO_BLOOD == 'yes'",SOB/hemoptysis inconsistent with GERD
pulm_cough,CL_PCO_ASTHMA_REACTIVE,CSR_PCO_ASTHMA_NEG1,-2,"answers.Q_PCO_FEVER == 'yes'",Fever reduces asthma likelihood
pulm_cough,CL_PCO_PNEUMONIA,CSR_PCO_PNEUMO_04,1,"answers.Q_PCO_DUR >= 10",Prolonged duration
pulm_cough,CL_PCO_PNEUMONIA,CSR_PCO_PNEUMO_05,2,"answers.Q_PCO_IMMUNO == 'yes'",Immunocompromised risk
pulm_cough,CL_PCO_PNEUMONIA,CSR_PCO_PNEUMO_NEG1,-2,"answers.Q_PCO_PND == 'yes' && answers.Q_PCO_FEVER == 'no'",PND pattern without fever unlikely pneumonia
pulm_cough,CL_PCO_VIRAL_BRONCHITIS,CSR_PCO_VIRAL_NEG1,-4,"answers.Q_PCO_FEVER == 'yes' && answers.Q_PCO_SOB == 'yes'",Fever+SOB suggests pneumonia not bronchitis
pulm_cough,CL_PCO_VIRAL_BRONCHITIS,CSR_PCO_VIRAL_NEG2,-6,"answers.Q_PCO_BLOOD == 'yes'",Hemoptysis rules out simple bronchitis
pulm_cough,CL_PCO_VIRAL_BRONCHITIS,CSR_PCO_VIRAL_NEG3,-3,"answers.Q_PCO_IMMUNO == 'yes' && answers.Q_PCO_FEVER == 'yes'",Immunocompromised+fever needs workup
pulm_shortness_of_breath,CL_SOB_ASTHMA_COPD,CSR_SOB_ASTHMA_01,4,"answers.Q_SOB_WHEEZE == 'yes'",Wheezing
pulm_shortness_of_breath,CL_SOB_PNEUMONIA,CSR_SOB_PNEUMO_01,4,"answers.Q_SOB_FEVER == 'yes'",Fever
pulm_shortness_of_breath,CL_SOB_PNEUMONIA,CSR_SOB_PNEUMO_02,1,"answers.Q_SOB_REST == 'yes'",Rest dyspnea with fever
pulm_shortness_of_breath,CL_SOB_CHF,CSR_SOB_CHF_01,4,"answers.Q_SOB_HEART == 'yes'",Heart failure history
pulm_shortness_of_breath,CL_SOB_CHF,CSR_SOB_CHF_02,2,"answers.Q_SOB_REST == 'yes'",Rest dyspnea
pulm_shortness_of_breath,CL_SOB_CHF,CSR_SOB_CHF_03,1,"answers.Q_SOB_LEG_SWELLING == 'yes'",Leg edema
pulm_shortness_of_breath,CL_SOB_PE,CSR_SOB_PE_01,4,"answers.Q_SOB_ONSET == 'yes'",Sudden onset
pulm_shortness_of_breath,CL_SOB_PE,CSR_SOB_PE_02,4,"answers.Q_SOB_LEG_SWELLING == 'yes'",DVT risk
pulm_wheezing,CL_WHZ_ASTHMA_EXAC,CSR_WHZ_ASTHMA_01,3,"answers.Q_WHZ_TRIGGER == 'yes'",Known trigger
pulm_wheezing,CL_WHZ_ASTHMA_EXAC,CSR_WHZ_ASTHMA_02,2,"answers.Q_WHZ_INHALER == 'yes'",Inhaler responsive
pulm_wheezing,CL_WHZ_VIRAL_TRIGGER,CSR_WHZ_VIRAL__01,3,"answers.Q_WHZ_FEVER == 'yes'",Fever (viral trigger)
pulm_wheezing,CL_WHZ_VIRAL_TRIGGER,CSR_WHZ_VIRAL__02,1,"answers.Q_WHZ_SOB == 'yes'",SOB with viral
pulm_wheezing,CL_WHZ_ALLERGIC_REACTION,CSR_WHZ_ALLERG_01,10,"answers.Q_WHZ_ALLERGY == 'yes'",Allergic symptoms
pulm_wheezing,CL_WHZ_ALLERGIC_REACTION,CSR_WHZ_ALLERG_02,2,"answers.Q_WHZ_SOB == 'yes'",SOB with allergy
pulm_chest_tightness,CL_PCT_ASTHMA,CSR_PCT_ASTHMA_01,4,"answers.Q_PCT_WHEEZE == 'yes'",Wheezing
pulm_chest_tightness,CL_PCT_ASTHMA,CSR_PCT_ASTHMA_02,2,"answers.Q_PCT_SOB == 'yes'",SOB
pulm_chest_tightness,CL_PCT_PLEURISY,CSR_PCT_PLEURI_01,3,"answers.Q_PCT_PRESSURE == 'no'",Non-pressure pattern
pulm_chest_tightness,CL_PCT_PLEURISY,CSR_PCT_PLEURI_02,2,"answers.Q_PCT_FEVER == 'no'",No fever
pulm_chest_tightness,CL_PCT_PNEUMONIA,CSR_PCT_PNEUMO_01,4,"answers.Q_PCT_FEVER == 'yes'",Fever
pulm_chest_tightness,CL_PCT_PNEUMONIA,CSR_PCT_PNEUMO_02,2,"answers.Q_PCT_SOB == 'yes'",SOB with fever
pulm_hemoptysis,CL_HEMO_BRONCHITIS,CSR_HEMO_BRONCH_01,3,"answers.Q_HEMO_AMOUNT == 'yes'",Small streaks
pulm_hemoptysis,CL_HEMO_BRONCHITIS,CSR_HEMO_BRONCH_02,2,"answers.Q_HEMO_FEVER == 'no'",No fever
pulm_hemoptysis,CL_HEMO_PNEUMONIA,CSR_HEMO_PNEUMO_01,4,"answers.Q_HEMO_FEVER == 'yes'",Fever
pulm_hemoptysis,CL_HEMO_PNEUMONIA,CSR_HEMO_PNEUMO_02,2,"answers.Q_HEMO_CP == 'yes'",Chest pain
pulm_hemoptysis,CL_HEMO_PE,CSR_HEMO_PE_01,4,"answers.Q_HEMO_RISK == 'yes'",DVT/PE risk
pulm_hemoptysis,CL_HEMO_PE,CSR_HEMO_PE_02,3,"answers.Q_HEMO_CP == 'yes'",Chest pain
pulm_hemoptysis,CL_HEMO_PE,CSR_HEMO_PE_03,3,"answers.Q_HEMO_SOB == 'yes'",SOB
gi_abdominal_pain,CL_ABD_GASTROENTERITIS,CSR_ABD_GASTROENTERITIS_01,1,"answers.Q_ABD_VOMIT == 'yes'","Vomiting"
gi_abdominal_pain,CL_ABD_GASTROENTERITIS,CSR_ABD_GASTROENTERITIS_02,1,"answers.Q_ABD_FEVER == 'yes'","Fever"
gi_abdominal_pain,CL_ABD_GASTROENTERITIS,CSR_ABD_GASTROENTERITIS_03,1,"answers.Q_ABD_LOC == 'diffuse'","Diffuse location"
gi_abdominal_pain,CL_ABD_APPENDICITIS,CSR_ABD_APPENDICITIS_01,3,"answers.Q_ABD_LOC == 'rlq'","RLQ pain"
gi_abdominal_pain,CL_ABD_APPENDICITIS,CSR_ABD_APPENDICITIS_02,1,"answers.Q_ABD_FEVER == 'yes'","Fever"
gi_abdominal_pain,CL_ABD_APPENDICITIS,CSR_ABD_APPENDICITIS_03,1,"answers.Q_ABD_VOMIT == 'yes'","Vomiting"
gi_abdominal_pain,CL_ABD_APPENDICITIS,CSR_ABD_APP_04,2,"answers.Q_ABD_MIGRATION_RLQ == 'yes'","RLQ migration"
gi_abdominal_pain,CL_ABD_APPENDICITIS,CSR_ABD_APP_05,1,"answers.Q_ABD_ANOREXIA == 'yes'","Anorexia"
gi_abdominal_pain,CL_ABD_APPENDICITIS,CSR_ABD_APP_NEG1,-3,"answers.Q_ABD_LOC != 'rlq'","Non-RLQ location"
gi_abdominal_pain,CL_ABD_CHOLECYSTITIS,CSR_ABD_CHOLECYSTITIS_01,3,"answers.Q_ABD_LOC == 'ruq'","RUQ pain"
gi_abdominal_pain,CL_ABD_CHOLECYSTITIS,CSR_ABD_CHOLECYSTITIS_02,1,"answers.Q_ABD_FEVER == 'yes'","Fever"
gi_abdominal_pain,CL_ABD_CHOLECYSTITIS,CSR_ABD_CHOLECYSTITIS_03,1,"answers.Q_ABD_VOMIT == 'yes'","Vomiting"
gi_abdominal_pain,CL_ABD_CHOLECYSTITIS,CSR_ABD_BIL_04,2,"answers.Q_ABD_RUQ_FATTY == 'yes'","Worse after fatty meals"
gi_abdominal_pain,CL_ABD_CHOLECYSTITIS,CSR_ABD_BIL_05,2,"answers.Q_ABD_MURPHY == 'yes'","Murphy sign"
gi_abdominal_pain,CL_ABD_CHOLECYSTITIS,CSR_ABD_BIL_NEG1,-3,"answers.Q_ABD_LOC != 'ruq'","Non-RUQ location"
gi_abdominal_pain,CL_ABD_DIVERTICULITIS,CSR_ABD_DIVERTICULITIS_01,3,"answers.Q_ABD_LOC == 'llq'","LLQ pain"
gi_abdominal_pain,CL_ABD_DIVERTICULITIS,CSR_ABD_DIVERTICULITIS_02,1,"answers.Q_ABD_FEVER == 'yes'","Fever"
gi_abdominal_pain,CL_ABD_DIVERTICULITIS,CSR_ABD_DIV_03,1,"answers.Q_ABD_CHANGE_BOWEL == 'yes'","Bowel habit change"
gi_abdominal_pain,CL_ABD_DIVERTICULITIS,CSR_ABD_DIV_NEG1,-3,"answers.Q_ABD_LOC != 'llq'","Non-LLQ location"
gi_abdominal_pain,CL_ABD_PANCREATITIS,CSR_ABD_PAN_01,3,"answers.Q_ABD_LOC == 'epigastric'","Epigastric location"
gi_abdominal_pain,CL_ABD_PANCREATITIS,CSR_ABD_PAN_02,2,"answers.Q_ABD_BACK_RAD == 'yes'","Back radiation"
gi_abdominal_pain,CL_ABD_PANCREATITIS,CSR_ABD_PAN_03,1,"answers.Q_ABD_VOMIT == 'yes'","Vomiting"
gi_abdominal_pain,CL_ABD_PANCREATITIS,CSR_ABD_PAN_04,1,"answers.Q_ABD_ALCOHOL == 'yes'","Heavy alcohol use"
gi_abdominal_pain,CL_ABD_PANCREATITIS,CSR_ABD_PAN_NEG1,-3,"answers.Q_ABD_LOC != 'epigastric'","Non-epigastric location"
gi_abdominal_pain,CL_ABD_OBSTRUCTION,CSR_ABD_OBSTRUCTION_01,2,"answers.Q_ABD_VOMIT == 'yes'","Vomiting"
gi_abdominal_pain,CL_ABD_OBSTRUCTION,CSR_ABD_OBSTRUCTION_02,1,"answers.Q_ABD_SEV >= 7","Severe pain"
gi_abdominal_pain,CL_ABD_OBSTRUCTION,CSR_ABD_OBSTRUCTION_03,1,"answers.Q_ABD_LOC == 'diffuse'","Diffuse"
gi_abdominal_pain,CL_ABD_OBSTRUCTION,CSR_ABD_OBS_04,2,"answers.Q_ABD_CHANGE_BOWEL == 'yes'","Bowel obstruction pattern"
gi_abdominal_pain,CL_ABD_OBSTRUCTION,CSR_ABD_OBS_05,1,"answers.Q_ABD_PRIOR_SURG == 'yes'","Prior surgery/adhesions"
gi_abdominal_pain,CL_ABD_OBSTRUCTION,CSR_ABD_OBS_NEG1,-2,"answers.Q_ABD_SEV <= 4","Low severity unlikely obstruction"
gi_abdominal_pain,CL_ABD_GASTROENTERITIS,CSR_ABD_GE_NEG1,-3,"answers.Q_ABD_LOC == 'rlq' || answers.Q_ABD_LOC == 'ruq' || answers.Q_ABD_LOC == 'llq'","Localized pain unlikely gastroenteritis"
gi_abdominal_pain,CL_ABD_GASTROENTERITIS,CSR_ABD_GE_NEG2,-6,"answers.Q_ABD_PERITONEAL == 'yes'","Peritoneal signs unlikely gastroenteritis"
gi_abdominal_pain,CL_ABD_GASTROENTERITIS,CSR_ABD_GE_NEG3,-3,"answers.Q_ABD_SEV >= 7","High severity unlikely simple gastroenteritis"
gi_diarrhea,CL_DIARR_VIRAL_GASTRO,CSR_DIARR_VIRAL_GASTRO_01,2,"answers.Q_DIARR_DUR <= 7","Short duration"
gi_diarrhea,CL_DIARR_VIRAL_GASTRO,CSR_DIARR_VIRAL_GASTRO_02,2,"answers.Q_DIARR_BLOOD == 'no'","No blood"
gi_diarrhea,CL_DIARR_VIRAL_GASTRO,CSR_DIARR_VIRAL_GASTRO_03,1,"answers.Q_DIARR_FEVER == 'no'","No fever"
gi_diarrhea,CL_DIARR_INVASIVE_BACTERIAL,CSR_DIARR_INVASIVE_BACTERIAL_01,3,"answers.Q_DIARR_BLOOD == 'yes'","Bloody"
gi_diarrhea,CL_DIARR_INVASIVE_BACTERIAL,CSR_DIARR_INVASIVE_BACTERIAL_02,2,"answers.Q_DIARR_FEVER == 'yes'","Fever"
gi_diarrhea,CL_DIARR_INVASIVE_BACTERIAL,CSR_DIARR_INVASIVE_BACTERIAL_03,1,"answers.Q_DIARR_ABDSEV == 'yes'","Severe pain"
gi_diarrhea,CL_DIARR_C_DIFF,CSR_DIARR_C_DIFF_01,3,"answers.Q_DIARR_ABX == 'yes'","Recent antibiotics"
gi_diarrhea,CL_DIARR_C_DIFF,CSR_DIARR_C_DIFF_02,1,"answers.Q_DIARR_DUR >= 3","Duration 3+"
gi_diarrhea,CL_DIARR_C_DIFF,CSR_DIARR_C_DIFF_03,1,"answers.Q_DIARR_FREQ >= 6","High frequency"
gi_diarrhea,CL_DIARR_TRAVELERS,CSR_DIARR_TRAVELERS_01,2,"answers.Q_DIARR_TRAVEL == 'yes'","Travel history"
gi_diarrhea,CL_DIARR_TRAVELERS,CSR_DIARR_TRAVELERS_02,1,"answers.Q_DIARR_DUR <= 7","Short duration"
gi_vomiting,CL_VOM_GASTROENTERITIS,CSR_VOM_GASTROENTERITIS_01,1,"answers.Q_VOM_FEVER == 'yes'","Fever"
gi_vomiting,CL_VOM_GASTROENTERITIS,CSR_VOM_GASTROENTERITIS_02,1,"answers.Q_VOM_ABDSEV == 'yes'","Severe pain"
gi_vomiting,CL_VOM_GASTROENTERITIS,CSR_VOM_GASTROENTERITIS_03,1,"answers.Q_VOM_DUR <= 3","Short duration"
gi_vomiting,CL_VOM_GASTRITIS,CSR_VOM_GASTRITIS_01,1,"answers.Q_VOM_BLOOD == 'no'","No blood"
gi_vomiting,CL_VOM_GASTRITIS,CSR_VOM_GASTRITIS_02,1,"answers.Q_VOM_ABDSEV == 'no'","No severe pain"
gi_vomiting,CL_VOM_PANCREATITIS_LIKE,CSR_VOM_PANCREATITIS_LIKE_01,2,"answers.Q_VOM_ABDSEV == 'yes'","Severe pain"
gi_vomiting,CL_VOM_PANCREATITIS_LIKE,CSR_VOM_PANCREATITIS_LIKE_02,1,"answers.Q_VOM_FEVER == 'yes'","Fever"
gi_vomiting,CL_VOM_PANCREATITIS_LIKE,CSR_VOM_PANCREATITIS_LIKE_03,1,"answers.Q_VOM_BILIOUS == 'yes'","Bilious vomiting"
gi_gi_bleeding,CL_GIB_UPPER_GI,CSR_GIB_UPPER_GI_01,3,"answers.Q_GIB_TYPE == 'vomit_blood'","Hematemesis"
gi_gi_bleeding,CL_GIB_UPPER_GI,CSR_GIB_UPPER_GI_02,2,"answers.Q_GIB_TYPE == 'black_tarry'","Melena"
gi_gi_bleeding,CL_GIB_LOWER_GI,CSR_GIB_LOWER_GI_01,3,"answers.Q_GIB_TYPE == 'bright_red_stool'","Hematochezia"
gi_gi_bleeding,CL_GIB_LOWER_GI,CSR_GIB_LOWER_GI_02,2,"answers.Q_GIB_TYPE == 'maroon'","Maroon stool"
gi_constipation,CL_CONST_FUNCTIONAL,CSR_CONST_FUNCTIONAL_01,1,"answers.Q_CONST_DUR >= 3","Duration 3+"
gi_constipation,CL_CONST_FUNCTIONAL,CSR_CONST_FUNCTIONAL_02,1,"answers.Q_CONST_ABDSEV == 'no'","No severe pain"
gi_constipation,CL_CONST_FUNCTIONAL,CSR_CONST_FUNCTIONAL_03,1,"answers.Q_CONST_VOMIT == 'no'","No vomiting"
gi_constipation,CL_CONST_OBSTRUCTION,CSR_CONST_OBSTRUCTION_01,3,"answers.Q_CONST_NO_GAS == 'yes'","No gas"
gi_constipation,CL_CONST_OBSTRUCTION,CSR_CONST_OBSTRUCTION_02,2,"answers.Q_CONST_VOMIT == 'yes'","Vomiting"
gi_constipation,CL_CONST_OBSTRUCTION,CSR_CONST_OBSTRUCTION_03,1,"answers.Q_CONST_ABDSEV == 'yes'","Severe pain"
gi_jaundice,CL_JAUND_BILIARY_OBSTRUCTION,CSR_JAUND_BILIARY_OBSTRUCTION_01,2,"answers.Q_JAUND_DARK_URINE == 'yes'","Dark urine"
gi_jaundice,CL_JAUND_BILIARY_OBSTRUCTION,CSR_JAUND_BILIARY_OBSTRUCTION_02,2,"answers.Q_JAUND_PAIN_RUQ == 'yes'","RUQ pain"
gi_jaundice,CL_JAUND_BILIARY_OBSTRUCTION,CSR_JAUND_BILIARY_OBSTRUCTION_03,1,"answers.Q_JAUND_ITCH == 'yes'","Itching"
gi_jaundice,CL_JAUND_HEPATITIS,CSR_JAUND_HEPATITIS_01,1,"answers.Q_JAUND_FEVER == 'yes'","Fever"
gi_jaundice,CL_JAUND_HEPATITIS,CSR_JAUND_HEPATITIS_02,1,"answers.Q_JAUND_PAIN_RUQ == 'no'","No RUQ pain"
gi_dysphagia,CL_DYSPH_GERD_ESOPHAGITIS,CSR_DYSPH_GERD_ESOPHAGITIS_01,1,"answers.Q_DYSPH_ODYN == 'yes'","Odynophagia"
gi_dysphagia,CL_DYSPH_STRICTURE,CSR_DYSPH_STRICTURE_01,1,"answers.Q_DYSPH_WEIGHT_LOSS == 'no'","No weight loss"
gi_dysphagia,CL_DYSPH_MALIGNANCY,CSR_DYSPH_MALIGNANCY_01,3,"answers.Q_DYSPH_WEIGHT_LOSS == 'yes'","Weight loss"
gi_dysphagia,CL_DYSPH_IMPACTION,CSR_DYSPH_IMPACTION_01,3,"answers.Q_DYSPH_FOOD_STUCK == 'yes'","Food stuck"
gi_acute_pancreatitis_like,CL_PANC_PANCREATITIS,CSR_PANC_PANCREATITIS_01,2,"answers.Q_PANC_EPI == 'yes'","Epigastric pain"
gi_acute_pancreatitis_like,CL_PANC_PANCREATITIS,CSR_PANC_PANCREATITIS_02,2,"answers.Q_PANC_BACK == 'yes'","Back radiation"
gi_acute_pancreatitis_like,CL_PANC_PANCREATITIS,CSR_PANC_PANCREATITIS_03,1,"answers.Q_PANC_VOMIT == 'yes'","Vomiting"
gi_acute_pancreatitis_like,CL_PANC_PANCREATITIS,CSR_PANC_PANCREATITIS_04,1,"answers.Q_PANC_ALC == 'yes'","Alcohol"
gi_acute_pancreatitis_like,CL_PANC_PANCREATITIS,CSR_PANC_PANCREATITIS_05,1,"answers.Q_PANC_GALL == 'yes'","Gallstones"
gi_acute_pancreatitis_like,CL_PANC_GASTRITIS_ULCER,CSR_PANC_GASTRITIS_ULCER_01,1,"answers.Q_PANC_EPI == 'yes'","Epigastric"
gi_acute_pancreatitis_like,CL_PANC_GASTRITIS_ULCER,CSR_PANC_GASTRITIS_ULCER_02,1,"answers.Q_PANC_BACK == 'no'","No back radiation"
gi_acute_pancreatitis_like,CL_PANC_BILIARY,CSR_PANC_BILIARY_01,2,"answers.Q_PANC_GALL == 'yes'","Gallstones"
gi_acute_pancreatitis_like,CL_PANC_BILIARY,CSR_PANC_BILIARY_02,1,"answers.Q_PANC_FEVER == 'yes'","Fever"
neuro_headache,CL_NHA_MIGRAINE,CSR_NHA_MIGRAINE_01,1,"answers.Q_NHA_THUNDER == 'no'","Not thunderclap"
neuro_headache,CL_NHA_MIGRAINE,CSR_NHA_MIGRAINE_02,1,"answers.Q_NHA_NEURODEF == 'no'","No focal deficit"
neuro_headache,CL_NHA_MIGRAINE,CSR_NHA_MIG_01,2,"answers.Q_NHA_PHOTOPHOBIA == 'yes'","Photophobia/nausea (migraine)"
neuro_headache,CL_NHA_MIGRAINE,CSR_NHA_MIG_02,2,"answers.Q_NHA_UNILATERAL == 'yes'","Unilateral throbbing"
neuro_headache,CL_NHA_MIGRAINE,CSR_NHA_MIG_03,1,"answers.Q_NHA_THUNDER == 'no' && answers.Q_NHA_FEVER_NECK == 'no' && answers.Q_NHA_NEURODEF == 'no'","No danger signals (benign pattern)"
neuro_headache,CL_NHA_MIGRAINE,CSR_NHA_MIG_NEG1,-6,"answers.Q_NHA_THUNDER == 'yes' || answers.Q_NHA_FEVER_NECK == 'yes' || answers.Q_NHA_NEURODEF == 'yes'","Danger signal suppresses migraine"
neuro_headache,CL_NHA_TENSION,CSR_NHA_TENSION_01,1,"answers.Q_NHA_FEVER_NECK == 'no'","No meningismus"
neuro_headache,CL_NHA_TENSION,CSR_NHA_TEN_01,3,"answers.Q_NHA_STRESS_TIGHT == 'yes'","Band-like tension pattern"
neuro_headache,CL_NHA_TENSION,CSR_NHA_TEN_02,1,"answers.Q_NHA_PHOTOPHOBIA == 'no'","No photophobia (not migraine)"
neuro_headache,CL_NHA_TENSION,CSR_NHA_TEN_03,1,"answers.Q_NHA_UNILATERAL == 'no'","Bilateral (not migraine)"
neuro_headache,CL_NHA_TENSION,CSR_NHA_TEN_NEG1,-6,"answers.Q_NHA_THUNDER == 'yes' || answers.Q_NHA_FEVER_NECK == 'yes' || answers.Q_NHA_NEURODEF == 'yes'","Danger signal suppresses tension"
neuro_headache,CL_NHA_SAH_LIKE,CSR_NHA_SAH_01,6,"answers.Q_NHA_THUNDER == 'yes'","Thunderclap onset"
neuro_headache,CL_NHA_SAH_LIKE,CSR_NHA_SAH_02,2,"answers.Q_NHA_NEURODEF == 'yes'","Focal neurologic deficit"
neuro_headache,CL_NHA_SAH_LIKE,CSR_NHA_SAH_NEG1,-6,"answers.Q_NHA_THUNDER == 'no' && answers.Q_NHA_NEURODEF == 'no'","No thunderclap or neurodef reduces SAH likelihood"
neuro_headache,CL_NHA_MENINGITIS_LIKE,CSR_NHA_MEN_01,6,"answers.Q_NHA_FEVER_NECK == 'yes'","Fever with neck stiffness"
neuro_headache,CL_NHA_MENINGITIS_LIKE,CSR_NHA_MEN_02,2,"answers.Q_NHA_IMMUNO == 'yes'","Immunocompromised risk"
neuro_headache,CL_NHA_MENINGITIS_LIKE,CSR_NHA_MEN_03,4,"answers.Q_NHA_RASH_PURPLE == 'yes'","Petechial/purpuric rash (meningococcemia)"
neuro_headache,CL_NHA_MENINGITIS_LIKE,CSR_NHA_MEN_NEG1,-6,"answers.Q_NHA_FEVER_NECK == 'no'","No meningismus reduces meningitis likelihood"
neuro_headache,CL_NHA_GCA,CSR_NHA_GCA_01,2,"answers.Q_NHA_AGE50 == 'yes'","Age > 50"
neuro_headache,CL_NHA_GCA,CSR_NHA_GCA_02,3,"answers.Q_NHA_JAW_CLAUD == 'yes'","Jaw claudication"
neuro_headache,CL_NHA_GCA,CSR_NHA_GCA_03,2,"answers.Q_NHA_SCALP_TENDER == 'yes'","Scalp tenderness"
neuro_headache,CL_NHA_GCA,CSR_NHA_GCA_04,2,"answers.Q_NHA_EYE == 'yes'","Eye pain/vision loss"
neuro_headache,CL_NHA_GCA,CSR_NHA_GCA_NEG1,-5,"answers.Q_NHA_AGE50 == 'no'","Age under 50 reduces GCA likelihood"
neuro_headache,CL_NHA_SINUS_RELATED,CSR_NHA_SINUS_RELATED_01,1,"answers.Q_NHA_THUNDER == 'no'","Not thunderclap"
neuro_headache,CL_NHA_SINUS_RELATED,CSR_NHA_SINUS_NEG1,-6,"answers.Q_NHA_THUNDER == 'yes' || answers.Q_NHA_FEVER_NECK == 'yes' || answers.Q_NHA_NEURODEF == 'yes'","Danger signal suppresses sinus"
neuro_dizziness_vertigo,CL_DIZV_BPPV,CSR_DIZV_BPPV_01,2,"answers.Q_DIZV_KIND == 'spinning'","Spinning vertigo"
neuro_dizziness_vertigo,CL_DIZV_BPPV,CSR_DIZV_BPPV_02,1,"answers.Q_DIZV_NEURODEF == 'no'","No neuro deficit"
neuro_dizziness_vertigo,CL_DIZV_VESTIBULAR_NEURITIS,CSR_DIZV_VESTIBULAR_NEURITIS_01,1,"answers.Q_DIZV_KIND == 'spinning'","Spinning"
neuro_dizziness_vertigo,CL_DIZV_VESTIBULAR_NEURITIS,CSR_DIZV_VESTIBULAR_NEURITIS_02,1,"answers.Q_DIZV_VOMIT == 'yes'","Vomiting"
neuro_dizziness_vertigo,CL_DIZV_MENIERE,CSR_DIZV_MENIERE_01,3,"answers.Q_DIZV_EAR == 'yes'","Ear symptoms"
neuro_weakness_numbness,CL_WKNUM_STROKE_TIA,CSR_WKNUM_STROKE_TIA_01,2,"answers.Q_WKNUM_SUDDEN == 'yes'","Sudden onset"
neuro_weakness_numbness,CL_WKNUM_STROKE_TIA,CSR_WKNUM_STROKE_TIA_02,2,"answers.Q_WKNUM_ONE_SIDE == 'yes'","One-sided"
neuro_weakness_numbness,CL_WKNUM_STROKE_TIA,CSR_WKNUM_STROKE_TIA_03,2,"answers.Q_WKNUM_FACE_SPEECH == 'yes'","Face/speech"
neuro_weakness_numbness,CL_WKNUM_SPINAL_PROCESS,CSR_WKNUM_SPINAL_PROCESS_01,3,"answers.Q_WKNUM_SPINAL == 'yes'","Spinal signs"
neuro_weakness_numbness,CL_WKNUM_PERIPHERAL,CSR_WKNUM_PERIPHERAL_01,1,"answers.Q_WKNUM_SUDDEN == 'no'","Gradual onset"
neuro_seizure,CL_SEIZ_FIRST_TIME,CSR_SEIZ_FIRST_TIME_01,4,"answers.Q_SEIZ_FIRST == 'yes'","First seizure"
neuro_seizure,CL_SEIZ_STATUS,CSR_SEIZ_STATUS_01,5,"answers.Q_SEIZ_ONGOING == 'yes'","Status epilepticus"
neuro_seizure,CL_SEIZ_PROVOKED,CSR_SEIZ_PROVOKED_01,3,"answers.Q_SEIZ_METABOLIC == 'yes'","Metabolic cause"
neuro_seizure,CL_SEIZ_PROVOKED,CSR_SEIZ_PROVOKED_02,2,"answers.Q_SEIZ_FEVER == 'yes'","Fever"
neuro_seizure,CL_SEIZ_BREAKTHROUGH,CSR_SEIZ_BREAKTHROUGH_01,2,"answers.Q_SEIZ_FIRST == 'no'","Known epilepsy"
neuro_syncope,CL_SYNC_VASOVAGAL,CSR_SYNC_VASOVAGAL_01,1,"answers.Q_SYNC_EXERT == 'no'","Not exertional"
neuro_syncope,CL_SYNC_VASOVAGAL,CSR_SYNC_VASOVAGAL_02,1,"answers.Q_SYNC_CARDIAC == 'no'","No cardiac"
neuro_syncope,CL_SYNC_CARDIAC_SYNCOPE,CSR_SYNC_CARDIAC_SYNCOPE_01,3,"answers.Q_SYNC_EXERT == 'yes'","Exertional"
neuro_syncope,CL_SYNC_CARDIAC_SYNCOPE,CSR_SYNC_CARDIAC_SYNCOPE_02,2,"answers.Q_SYNC_CARDIAC == 'yes'","Cardiac symptoms"
neuro_syncope,CL_SYNC_BLEED_RELATED,CSR_SYNC_BLEED_RELATED_01,3,"answers.Q_SYNC_BLEED == 'yes'","Bleeding signs"
neuro_confusion_ams,CL_AMS_METABOLIC_TOXIC,CSR_AMS_METABOLIC_TOXIC_01,2,"answers.Q_AMS_LOW_GLUCOSE == 'yes'","Low glucose"
neuro_confusion_ams,CL_AMS_METABOLIC_TOXIC,CSR_AMS_METABOLIC_TOXIC_02,2,"answers.Q_AMS_TOXIC == 'yes'","Toxic"
neuro_confusion_ams,CL_AMS_INFECTION,CSR_AMS_INFECTION_01,2,"answers.Q_AMS_FEVER == 'yes'","Fever"
neuro_confusion_ams,CL_AMS_STROKE,CSR_AMS_STROKE_01,3,"answers.Q_AMS_STROKE_SIGNS == 'yes'","Stroke signs"
neuro_confusion_ams,CL_AMS_STROKE,CSR_AMS_STROKE_02,1,"answers.Q_AMS_SUDDEN == 'yes'","Sudden"
gu_dysuria_uti,CL_DUTI_CYSTITIS,CSR_DUTI_CYSTITIS_01,1,"answers.Q_DUTI_FEVER == 'no'","No fever"
gu_dysuria_uti,CL_DUTI_CYSTITIS,CSR_DUTI_CYSTITIS_02,1,"answers.Q_DUTI_FLANK == 'no'","No flank pain"
gu_dysuria_uti,CL_DUTI_PYELONEPHRITIS,CSR_DUTI_PYELONEPHRITIS_01,2,"answers.Q_DUTI_FEVER == 'yes'","Fever"
gu_dysuria_uti,CL_DUTI_PYELONEPHRITIS,CSR_DUTI_PYELONEPHRITIS_02,2,"answers.Q_DUTI_FLANK == 'yes'","Flank pain"
gu_dysuria_uti,CL_DUTI_STI_URETHRITIS,CSR_DUTI_STI_URETHRITIS_01,3,"answers.Q_DUTI_DISCHARGE == 'yes'","Discharge"
gu_testicular_pain,CL_TPAIN_TORSION,CSR_TPAIN_TORSION_01,3,"answers.Q_TPAIN_SUDDEN == 'yes'","Sudden onset"
gu_testicular_pain,CL_TPAIN_TORSION,CSR_TPAIN_TORSION_02,2,"answers.Q_TPAIN_HIGH_RIDING == 'yes'","High-riding"
gu_testicular_pain,CL_TPAIN_TORSION,CSR_TPAIN_TORSION_03,1,"answers.Q_TPAIN_NAUSEA == 'yes'","Nausea"
gu_testicular_pain,CL_TPAIN_EPIDIDYMITIS,CSR_TPAIN_EPIDIDYMITIS_01,1,"answers.Q_TPAIN_FEVER == 'yes'","Fever"
gu_testicular_pain,CL_TPAIN_EPIDIDYMITIS,CSR_TPAIN_EPIDIDYMITIS_02,2,"answers.Q_TPAIN_DISCHARGE == 'yes'","Discharge"
gu_testicular_pain,CL_TPAIN_TRAUMA,CSR_TPAIN_TRAUMA_01,3,"answers.Q_TPAIN_TRAUMA == 'yes'","Trauma"
gu_hematuria,CL_HEMU_STONE,CSR_HEMU_STONE_01,2,"answers.Q_HEMU_STONE_PAIN == 'yes'","Stone pain"
gu_hematuria,CL_HEMU_STONE,CSR_HEMU_STONE_02,1,"answers.Q_HEMU_FEVER == 'no'","No fever"
gu_hematuria,CL_HEMU_UTI,CSR_HEMU_UTI_01,1,"answers.Q_HEMU_FEVER == 'yes'","Fever"
gu_hematuria,CL_HEMU_ANTICOAG,CSR_HEMU_ANTICOAG_01,3,"answers.Q_HEMU_BLOOD_THINNER == 'yes'","On anticoagulation"
gu_urinary_retention,CL_URET_BPH_OBSTRUCTION,CSR_URET_BPH_OBSTRUCTION_01,2,"answers.Q_URET_UNABLE == 'yes'","Unable to void"
gu_urinary_retention,CL_URET_BPH_OBSTRUCTION,CSR_URET_BPH_OBSTRUCTION_02,1,"answers.Q_URET_FEVER == 'no'","No fever"
gu_urinary_retention,CL_URET_NEUROGENIC,CSR_URET_NEUROGENIC_01,3,"answers.Q_URET_NEURO == 'yes'","Neurologic signs"
gu_urinary_retention,CL_URET_CLOT_RETENTION,CSR_URET_CLOT_RETENTION_01,3,"answers.Q_URET_BLOOD == 'yes'","Blood/clots"
gu_sti_exposure_discharge,CL_STID_GON_CHLAM,CSR_STID_GON_CHLAM_01,1,"answers.Q_STID_ULCERS == 'no'","No ulcers"
gu_sti_exposure_discharge,CL_STID_HERPES,CSR_STID_HERPES_01,3,"answers.Q_STID_ULCERS == 'yes'","Ulcers/blisters"
gu_sti_exposure_discharge,CL_STID_PID,CSR_STID_PID_01,2,"answers.Q_STID_PELVIC == 'yes'","Pelvic pain"
gu_sti_exposure_discharge,CL_STID_PID,CSR_STID_PID_02,1,"answers.Q_STID_FEVER == 'yes'","Fever"
gu_pelvic_pain_possible_ovarian_torsion,CL_PPOT_TORSION,CSR_PPOT_TORSION_01,3,"answers.Q_PPOT_SUDDEN == 'yes'","Sudden onset"
gu_pelvic_pain_possible_ovarian_torsion,CL_PPOT_TORSION,CSR_PPOT_TORSION_02,2,"answers.Q_PPOT_VOMIT == 'yes'","Vomiting"
gu_pelvic_pain_possible_ovarian_torsion,CL_PPOT_ECTOPIC,CSR_PPOT_ECTOPIC_01,2,"answers.Q_PPOT_PREG == 'yes'","Pregnancy"
gu_pelvic_pain_possible_ovarian_torsion,CL_PPOT_ECTOPIC,CSR_PPOT_ECTOPIC_02,2,"answers.Q_PPOT_BLEED == 'yes'","Bleeding"
gu_pelvic_pain_possible_ovarian_torsion,CL_PPOT_PID,CSR_PPOT_PID_01,2,"answers.Q_PPOT_FEVER == 'yes'","Fever"
gu_pelvic_pain_possible_ovarian_torsion,CL_PPOT_PID,CSR_PPOT_PID_02,2,"answers.Q_PPOT_DISCHARGE == 'yes'","Discharge"
gu_pelvic_pain_possible_ovarian_torsion,CL_PPOT_CYST,CSR_PPOT_CYST_01,1,"answers.Q_PPOT_SUDDEN == 'yes'","Sudden pain"
gu_vaginal_bleeding,CL_VBLD_PREG_RELATED,CSR_VBLD_PREG_RELATED_01,3,"answers.Q_VBLD_PREG == 'yes'","Pregnancy"
gu_vaginal_bleeding,CL_VBLD_STRUCTURAL,CSR_VBLD_STRUCTURAL_01,2,"answers.Q_VBLD_HEAVY == 'yes'","Heavy bleeding"
gu_vaginal_bleeding,CL_VBLD_HORMONAL,CSR_VBLD_HORMONAL_01,1,"answers.Q_VBLD_PREG == 'no'","Not pregnant"
cardio_chest_pain,CL_CCP_ACS,CSR_CCP_ACS_01,2,"answers.Q_CCP_PRESSURE == 'yes'","acs rule 1"
cardio_chest_pain,CL_CCP_ACS,CSR_CCP_ACS_02,2,"answers.Q_CCP_EXERT == 'yes'","acs rule 2"
cardio_chest_pain,CL_CCP_ACS,CSR_CCP_ACS_03,2,"answers.Q_CCP_RADIATE == 'yes'","acs rule 3"
cardio_chest_pain,CL_CCP_ACS,CSR_CCP_ACS_04,1,"answers.Q_CCP_SWEAT == 'yes'","acs rule 4"
cardio_chest_pain,CL_CCP_PE,CSR_CCP_PE_01,2,"answers.Q_CCP_PLEURITIC == 'yes'","pe rule 1"
cardio_chest_pain,CL_CCP_PE,CSR_CCP_PE_02,2,"answers.Q_CCP_SOB == 'yes'","pe rule 2"
cardio_chest_pain,CL_CCP_PE,CSR_CCP_PE_03,2,"answers.Q_CCP_RISK == 'yes'","pe rule 3"
cardio_chest_pain,CL_CCP_PLEURISY,CSR_CCP_PLEURISY_01,2,"answers.Q_CCP_PLEURITIC == 'yes'","pleurisy rule 1"
cardio_chest_pain,CL_CCP_PLEURISY,CSR_CCP_PLEURISY_02,1,"answers.Q_CCP_RISK == 'no'","pleurisy rule 2"
cardio_chest_pain,CL_CCP_MSK,CSR_CCP_MSK_01,1,"answers.Q_CCP_PRESSURE == 'no' && answers.Q_CCP_PLEURITIC == 'no'","msk rule 1"
cardio_chest_pain,CL_CCP_MSK,CSR_CCP_MSK_02,3,"answers.Q_CCP_REPRODUCIBLE == 'yes'",Reproducible chest wall tenderness
cardio_chest_pain,CL_CCP_MSK,CSR_CCP_MSK_NEG1,-3,"answers.Q_CCP_RADIATE == 'yes' || answers.Q_CCP_SWEAT == 'yes'",Radiation/diaphoresis inconsistent with MSK
cardio_chest_pain,CL_CCP_GERD,CSR_CCP_GERD_01,3,"answers.Q_CCP_HEARTBURN == 'yes'",Heartburn/acid reflux
cardio_chest_pain,CL_CCP_GERD,CSR_CCP_GERD_02,1,"answers.Q_CCP_PRESSURE == 'no' && answers.Q_CCP_EXERT == 'no'",No pressure or exertional features
cardio_chest_pain,CL_CCP_GERD,CSR_CCP_GERD_NEG1,-3,"answers.Q_CCP_RADIATE == 'yes' || answers.Q_CCP_SWEAT == 'yes'",Radiation/diaphoresis inconsistent with GERD
cardio_chest_pain,CL_CCP_PERICARDITIS,CSR_CCP_PERI_01,3,"answers.Q_CCP_PLEURITIC == 'yes' && answers.Q_CCP_POSITION == 'yes'",Pleuritic + positional pain
cardio_chest_pain,CL_CCP_PERICARDITIS,CSR_CCP_PERI_02,2,"answers.Q_CCP_RECENT_VIRAL == 'yes'",Recent viral illness
cardio_chest_pain,CL_CCP_PERICARDITIS,CSR_CCP_PERI_NEG1,-3,"answers.Q_CCP_EXERT == 'yes' && answers.Q_CCP_PRESSURE == 'yes'",Exertional pressure inconsistent with pericarditis
cardio_chest_pain,CL_CCP_PE,CSR_CCP_PE_04,2,"answers.Q_CCP_LEG_SWELL == 'yes'",Unilateral leg swelling (DVT sign)
cardio_chest_pain,CL_CCP_PE,CSR_CCP_PE_05,2,"answers.Q_CCP_PRIOR_VTE == 'yes' || answers.Q_CCP_RECENT_SURG == 'yes' || answers.Q_CCP_ESTROGEN == 'yes'",VTE risk factors
cardio_chest_pain,CL_CCP_PE,CSR_CCP_PE_NEG1,-3,"answers.Q_CCP_PRESSURE == 'yes' && answers.Q_CCP_EXERT == 'yes'",Pressure+exertional pattern inconsistent with PE
cardio_palpitations,CL_PALP_SVT_AF,CSR_PALP_SVT_AF_01,3,"answers.Q_PALP_HR_VERY_FAST == 'yes'","svt_af rule 1"
cardio_palpitations,CL_PALP_SVT_AF,CSR_PALP_SVT_AF_02,1,"answers.Q_PALP_SOB == 'yes'","svt_af rule 2"
cardio_palpitations,CL_PALP_PANIC_STIMULANT,CSR_PALP_PANIC_STIMULANT_01,2,"answers.Q_PALP_STIMULANT == 'yes'","panic_stimulant rule 1"
cardio_palpitations,CL_PALP_THYROID_RELATED,CSR_PALP_THYROID_RELATED_01,3,"answers.Q_PALP_THYROID == 'yes'","thyroid_related rule 1"
cardio_palpitations,CL_PALP_BENIGN,CSR_PALP_BENIGN_01,2,"answers.Q_PALP_CP == 'no' && answers.Q_PALP_SOB == 'no' && answers.Q_PALP_SYNCOPE == 'no'","benign rule 1"
cardio_leg_swelling,CL_LGSW_DVT,CSR_LGSW_DVT_01,2,"answers.Q_LGSW_ONE_LEG == 'yes'","dvt rule 1"
cardio_leg_swelling,CL_LGSW_DVT,CSR_LGSW_DVT_02,2,"answers.Q_LGSW_PAIN == 'yes'","dvt rule 2"
cardio_leg_swelling,CL_LGSW_DVT,CSR_LGSW_DVT_03,2,"answers.Q_LGSW_RECENT_TRAVEL == 'yes'","dvt rule 3"
cardio_leg_swelling,CL_LGSW_CHF_VOLUME,CSR_LGSW_CHF_VOLUME_01,3,"answers.Q_LGSW_KNOWN_CHF == 'yes'","chf_volume rule 1"
cardio_leg_swelling,CL_LGSW_CELLULITIS,CSR_LGSW_CELLULITIS_01,3,"answers.Q_LGSW_FEVER_RED == 'yes'","cellulitis rule 1"
cardio_leg_swelling,CL_LGSW_VENOUS,CSR_LGSW_VENOUS_01,1,"answers.Q_LGSW_ONE_LEG == 'no' && answers.Q_LGSW_KNOWN_CHF == 'no'","venous rule 1"
msk_back_pain,CL_BKPN_MECHANICAL,CSR_BKPN_MECHANICAL_01,2,"answers.Q_BKPN_TRAUMA == 'no' && answers.Q_BKPN_FEVER == 'no' && answers.Q_BKPN_CANCER == 'no'","mechanical rule 1"
msk_back_pain,CL_BKPN_RADICULAR,CSR_BKPN_RADICULAR_01,2,"answers.Q_BKPN_WEAK == 'yes'","radicular rule 1"
msk_back_pain,CL_BKPN_SERIOUS_SPINE,CSR_BKPN_SERIOUS_SPINE_01,4,"answers.Q_BKPN_SADDLE == 'yes'","serious_spine rule 1"
msk_back_pain,CL_BKPN_INFECTION,CSR_BKPN_INFECTION_01,3,"answers.Q_BKPN_FEVER == 'yes'","infection rule 1"
msk_back_pain,CL_BKPN_FRACTURE,CSR_BKPN_FRACTURE_01,3,"answers.Q_BKPN_TRAUMA == 'yes'","fracture rule 1"
msk_joint_pain,CL_JTPN_SEPTIC_ARTHRITIS,CSR_JTPN_SEPTIC_ARTHRITIS_01,3,"answers.Q_JTPN_HOT == 'yes'","septic_arthritis rule 1"
msk_joint_pain,CL_JTPN_SEPTIC_ARTHRITIS,CSR_JTPN_SEPTIC_ARTHRITIS_02,2,"answers.Q_JTPN_FEVER == 'yes'","septic_arthritis rule 2"
msk_joint_pain,CL_JTPN_SPRAIN_STRAIN,CSR_JTPN_SPRAIN_STRAIN_01,2,"answers.Q_JTPN_TRAUMA == 'yes'","sprain_strain rule 1"
msk_joint_pain,CL_JTPN_INFLAMMATORY,CSR_JTPN_INFLAMMATORY_01,2,"answers.Q_JTPN_MANY_JOINTS == 'yes'","inflammatory rule 1"
msk_joint_pain,CL_JTPN_REACTIVE,CSR_JTPN_REACTIVE_01,2,"answers.Q_JTPN_RASH == 'yes'","reactive rule 1"
msk_joint_pain,CL_JTPN_DEGENERATIVE,CSR_JTPN_DEGENERATIVE_01,2,"answers.Q_JTPN_TRAUMA == 'no' && answers.Q_JTPN_FEVER == 'no' && answers.Q_JTPN_HOT == 'no'","degenerative rule 1"
msk_sprain_injury,CL_SINJ_FRACTURE_DISLOCATION,CSR_SINJ_FRACTURE_DISLOCATION_01,4,"answers.Q_SINJ_DEFORM == 'yes'","fracture_dislocation rule 1"
msk_sprain_injury,CL_SINJ_FRACTURE_DISLOCATION,CSR_SINJ_FRACTURE_DISLOCATION_02,2,"answers.Q_SINJ_UNABLE_WEIGHT == 'yes'","fracture_dislocation rule 2"
msk_sprain_injury,CL_SINJ_SPRAIN_STRAIN,CSR_SINJ_SPRAIN_STRAIN_01,2,"answers.Q_SINJ_UNABLE_WEIGHT == 'no' && answers.Q_SINJ_DEFORM == 'no'","sprain_strain rule 1"
msk_sprain_injury,CL_SINJ_NV_ISSUE,CSR_SINJ_NV_ISSUE_01,4,"answers.Q_SINJ_NEUROVASCULAR == 'yes'","nv_issue rule 1"
derm_cellulitis,CL_DCELL_CELLULITIS,CSR_DCELL_CELLULITIS_01,2,"answers.Q_DCELL_SPREADING == 'yes'","cellulitis rule 1"
derm_cellulitis,CL_DCELL_CELLULITIS,CSR_DCELL_CELLULITIS_02,2,"answers.Q_DCELL_FEVER == 'yes'","cellulitis rule 2"
derm_cellulitis,CL_DCELL_ABSCESS,CSR_DCELL_ABSCESS_01,3,"answers.Q_DCELL_PUS == 'yes'","abscess rule 1"
derm_cellulitis,CL_DCELL_NEC_FAS,CSR_DCELL_NEC_FAS_01,4,"answers.Q_DCELL_PAIN_OUT == 'yes'","nec_fas rule 1"
derm_cellulitis,CL_DCELL_CELLULITIS,CSR_DCELL_CELLULITIS_03,1,"answers.Q_DCELL_IMMUNO == 'yes'","cellulitis rule 3"
derm_allergic_reaction,CL_DALRG_URTICARIA,CSR_DALRG_URTICARIA_01,3,"answers.Q_DALRG_HIVES == 'yes'","urticaria rule 1"
derm_allergic_reaction,CL_DALRG_ANAPHYLAXIS,CSR_DALRG_ANAPHYLAXIS_01,4,"answers.Q_DALRG_LIP_TONGUE == 'yes'","anaphylaxis rule 1"
derm_allergic_reaction,CL_DALRG_ANAPHYLAXIS,CSR_DALRG_ANAPHYLAXIS_02,4,"answers.Q_DALRG_THROAT == 'yes'","anaphylaxis rule 2"
derm_allergic_reaction,CL_DALRG_ANAPHYLAXIS,CSR_DALRG_ANAPHYLAXIS_03,4,"answers.Q_DALRG_SOB == 'yes'","anaphylaxis rule 3"
derm_allergic_reaction,CL_DALRG_URTICARIA,CSR_DALRG_URTICARIA_02,1,"answers.Q_DALRG_TRIGGER == 'yes'","urticaria rule 2"
endo_hyperglycemia,CL_EHYPR_DKA_HHS,CSR_EHYPR_DKA_HHS_01,4,"answers.Q_EHYPR_RAPID_BREATH == 'yes'","dka_hhs rule 1"
endo_hyperglycemia,CL_EHYPR_DKA_HHS,CSR_EHYPR_DKA_HHS_02,3,"answers.Q_EHYPR_VOMIT == 'yes'","dka_hhs rule 2"
endo_hyperglycemia,CL_EHYPR_DKA_HHS,CSR_EHYPR_DKA_HHS_03,3,"answers.Q_EHYPR_CONFUSION == 'yes'","dka_hhs rule 3"
endo_hyperglycemia,CL_EHYPR_DKA_HHS,CSR_EHYPR_DKA_HHS_04,2,"answers.Q_EHYPR_ABD_PAIN == 'yes'","dka_hhs rule 4"
endo_hyperglycemia,CL_EHYPR_UNCONTROLLED_HYPERGLYCEMIA,CSR_EHYPR_UNCONTROLLED_HYPERGLYCEMIA_01,2,"answers.Q_EHYPR_KNOWN_DM == 'yes'","uncontrolled_hyperglycemia rule 1"
endo_hyperglycemia,CL_EHYPR_UNCONTROLLED_HYPERGLYCEMIA,CSR_EHYPR_UNCONTROLLED_HYPERGLYCEMIA_02,2,"answers.Q_EHYPR_POLYURIA == 'yes'","uncontrolled_hyperglycemia rule 2"
endo_hyperglycemia,CL_EHYPR_UNCONTROLLED_HYPERGLYCEMIA,CSR_EHYPR_UNCONTROLLED_HYPERGLYCEMIA_03,2,"answers.Q_EHYPR_POLYDIPSIA == 'yes'","uncontrolled_hyperglycemia rule 3"
endo_hyperglycemia,CL_EHYPR_STRESS_HYPERGLYCEMIA,CSR_EHYPR_STRESS_HYPERGLYCEMIA_01,2,"answers.Q_EHYPR_INFECTION == 'yes'","stress_hyperglycemia rule 1"
endo_hypoglycemia,CL_EHYPO_SEVERE_HYPOGLYCEMIA,CSR_EHYPO_SEVERE_HYPOGLYCEMIA_01,5,"answers.Q_EHYPO_SYNCOPE == 'yes'","severe_hypoglycemia rule 1"
endo_hypoglycemia,CL_EHYPO_SEVERE_HYPOGLYCEMIA,CSR_EHYPO_SEVERE_HYPOGLYCEMIA_02,4,"answers.Q_EHYPO_CONFUSION == 'yes'","severe_hypoglycemia rule 2"
endo_hypoglycemia,CL_EHYPO_SEVERE_HYPOGLYCEMIA,CSR_EHYPO_SEVERE_HYPOGLYCEMIA_03,4,"answers.Q_EHYPO_UNABLE_PO == 'yes'","severe_hypoglycemia rule 3"
endo_hypoglycemia,CL_EHYPO_MILD_HYPOGLYCEMIA,CSR_EHYPO_MILD_HYPOGLYCEMIA_01,3,"answers.Q_EHYPO_SWEAT_SHAKE == 'yes'","mild_hypoglycemia rule 1"
endo_hypoglycemia,CL_EHYPO_MED_RELATED,CSR_EHYPO_MED_RELATED_01,2,"answers.Q_EHYPO_KNOWN_DM == 'yes'","med_related rule 1"
endo_thyroid_symptoms,CL_ETHYR_HYPERTHYROID,CSR_ETHYR_HYPERTHYROID_01,2,"answers.Q_ETHYR_TACHY == 'yes'","hyperthyroid rule 1"
endo_thyroid_symptoms,CL_ETHYR_HYPERTHYROID,CSR_ETHYR_HYPERTHYROID_02,2,"answers.Q_ETHYR_WEIGHT_LOSS == 'yes'","hyperthyroid rule 2"
endo_thyroid_symptoms,CL_ETHYR_HYPERTHYROID,CSR_ETHYR_HYPERTHYROID_03,2,"answers.Q_ETHYR_TREMOR == 'yes'","hyperthyroid rule 3"
endo_thyroid_symptoms,CL_ETHYR_HYPOTHYROID,CSR_ETHYR_HYPOTHYROID_01,3,"answers.Q_ETHYR_WEIGHT_GAIN == 'yes'","hypothyroid rule 1"
endo_thyroid_symptoms,CL_ETHYR_HYPOTHYROID,CSR_ETHYR_HYPOTHYROID_02,2,"answers.Q_ETHYR_FATIGUE == 'yes'","hypothyroid rule 2"
endo_thyroid_symptoms,CL_ETHYR_THYROID_STORM,CSR_ETHYR_THYROID_STORM_01,5,"answers.Q_ETHYR_FEVER_DELIRIUM == 'yes'","thyroid_storm rule 1"
psych_anxiety_panic,CL_PANX_PANIC_ATTACK,CSR_PANX_PANIC_ATTACK_01,3,"answers.Q_PANX_SUDDEN == 'yes'","panic_attack rule 1"
psych_anxiety_panic,CL_PANX_PANIC_ATTACK,CSR_PANX_PANIC_ATTACK_02,1,"answers.Q_PANX_CP == 'no' && answers.Q_PANX_SOB == 'no'","panic_attack rule 2"
psych_anxiety_panic,CL_PANX_SUBSTANCE_INDUCED,CSR_PANX_SUBSTANCE_INDUCED_01,3,"answers.Q_PANX_SUBSTANCE == 'yes'","substance_induced rule 1"
psych_anxiety_panic,CL_PANX_MEDICAL_MIMIC,CSR_PANX_MEDICAL_MIMIC_01,3,"answers.Q_PANX_CP == 'yes'","medical_mimic rule 1"
psych_anxiety_panic,CL_PANX_MEDICAL_MIMIC,CSR_PANX_MEDICAL_MIMIC_02,3,"answers.Q_PANX_SOB == 'yes'","medical_mimic rule 2"
psych_depression_suicidal_ideation,CL_PDEP_SUICIDE_RISK,CSR_PDEP_SUICIDE_RISK_01,4,"answers.Q_PDEP_SI == 'yes'","suicide_risk rule 1"
psych_depression_suicidal_ideation,CL_PDEP_SUICIDE_RISK,CSR_PDEP_SUICIDE_RISK_02,4,"answers.Q_PDEP_INTENT == 'yes'","suicide_risk rule 2"
psych_depression_suicidal_ideation,CL_PDEP_PSYCHOTIC_DEPRESSION,CSR_PDEP_PSYCHOTIC_DEPRESSION_01,4,"answers.Q_PDEP_PSYCHOSIS == 'yes'","psychotic_depression rule 1"
psych_depression_suicidal_ideation,CL_PDEP_SUBSTANCE_RELATED,CSR_PDEP_SUBSTANCE_RELATED_01,3,"answers.Q_PDEP_SUBSTANCE == 'yes'","substance_related rule 1"
psych_depression_suicidal_ideation,CL_PDEP_MAJOR_DEPRESSION,CSR_PDEP_MAJOR_DEPRESSION_01,2,"answers.Q_PDEP_SI == 'no' && answers.Q_PDEP_GRAVE == 'yes'","major_depression rule 1"
psych_agitation_psychosis,CL_PAGIT_ACUTE_PSYCHOSIS,CSR_PAGIT_ACUTE_PSYCHOSIS_01,4,"answers.Q_PAGIT_HALLUC == 'yes'","acute_psychosis rule 1"
psych_agitation_psychosis,CL_PAGIT_SUBSTANCE_INDUCED,CSR_PAGIT_SUBSTANCE_INDUCED_01,3,"answers.Q_PAGIT_SUBSTANCE == 'yes'","substance_induced rule 1"
psych_agitation_psychosis,CL_PAGIT_DELIRIUM_MEDICAL,CSR_PAGIT_DELIRIUM_MEDICAL_01,5,"answers.Q_PAGIT_FEVER == 'yes'","delirium_medical rule 1"
psych_agitation_psychosis,CL_PAGIT_AGITATION,CSR_PAGIT_AGITATION_01,4,"answers.Q_PAGIT_VIOLENT == 'yes'","agitation rule 1"
psych_agitation_psychosis,CL_PAGIT_AGITATION,CSR_PAGIT_AGITATION_02,3,"answers.Q_PAGIT_UNABLE_SAFE == 'yes'","agitation rule 2"
ophtho_vision_loss,CL_OVL_RETINAL_DETACHMENT,CSR_OVL_01,4,"answers.Q_OVL_FLASHES_FLOATERS == 'yes'",retinal_detachment rule 1
ophtho_vision_loss,CL_OVL_VASCULAR_EVENT,CSR_OVL_02,4,"answers.Q_OVL_SUDDEN == 'yes' && answers.Q_OVL_PAIN == 'no'",vascular_event rule 2
ophtho_vision_loss,CL_OVL_ACUTE_GLAUCOMA,CSR_OVL_03,4,"answers.Q_OVL_PAIN == 'yes' && answers.Q_OVL_HEADACHE == 'yes'",acute_glaucoma rule 3
ophtho_vision_loss,CL_OVL_STROKE_VISUAL,CSR_OVL_04,5,"answers.Q_OVL_NEURODEF == 'yes'",stroke_visual rule 4
ophtho_vision_loss,CL_OVL_TRAUMATIC_INJURY,CSR_OVL_05,5,"answers.Q_OVL_TRAUMA == 'yes'",traumatic_injury rule 5
ophtho_vision_loss,CL_OVL_MIGRAINE_AURA,CSR_OVL_06,2,"answers.Q_OVL_SUDDEN == 'yes' && answers.Q_OVL_HEADACHE == 'yes' && answers.Q_OVL_NEURODEF == 'no'",migraine_aura rule 6
ophtho_vision_loss,CL_OVL_MIGRAINE_AURA,CSR_OVL_07,1,"answers.Q_OVL_NEURODEF == 'no' && answers.Q_OVL_TRAUMA == 'no' && answers.Q_OVL_FLASHES_FLOATERS == 'no'",migraine_aura rule 7
ophtho_red_eye,CL_ORE_CONJUNCTIVITIS,CSR_ORE_01,3,"answers.Q_ORE_DISCHARGE_PUS == 'yes' && answers.Q_ORE_PAIN == 'no'",conjunctivitis rule 1
ophtho_red_eye,CL_ORE_VIRAL_CONJUNCTIVITIS,CSR_ORE_02,2,"answers.Q_ORE_DISCHARGE_PUS == 'no' && answers.Q_ORE_PAIN == 'no'",viral_conjunctivitis rule 2
ophtho_red_eye,CL_ORE_KERATITIS,CSR_ORE_03,3,"answers.Q_ORE_CONTACT == 'yes'",keratitis rule 3
ophtho_red_eye,CL_ORE_UVEITIS_GLAUCOMA,CSR_ORE_04,3,"answers.Q_ORE_PHOTOPHOBIA == 'yes'",uveitis_glaucoma rule 4
ophtho_red_eye,CL_ORE_UVEITIS_GLAUCOMA,CSR_ORE_05,4,"answers.Q_ORE_VISION_CHANGE == 'yes'",uveitis_glaucoma rule 5
ophtho_red_eye,CL_ORE_KERATITIS,CSR_ORE_06,1,"answers.Q_ORE_DISCHARGE_PUS == 'yes'",keratitis rule 6
ophtho_red_eye,CL_ORE_VIRAL_CONJUNCTIVITIS,CSR_ORE_07,1,"answers.Q_ORE_CONTACT == 'no'",viral_conjunctivitis rule 7
ophtho_eye_pain_foreign_body,CL_OEPFB_FOREIGN_BODY,CSR_OEPFB_01,3,"answers.Q_OEPFB_METAL_WORK == 'yes'",foreign_body rule 1
ophtho_eye_pain_foreign_body,CL_OEPFB_ABRASION,CSR_OEPFB_02,2,"answers.Q_OEPFB_SEVERE_PAIN == 'yes' && answers.Q_OEPFB_PHOTOPHOBIA == 'no'",abrasion rule 2
ophtho_eye_pain_foreign_body,CL_OEPFB_KERATITIS,CSR_OEPFB_03,3,"answers.Q_OEPFB_CONTACT == 'yes'",keratitis rule 3
ophtho_eye_pain_foreign_body,CL_OEPFB_CHEMICAL_INJURY,CSR_OEPFB_04,5,"answers.Q_OEPFB_CHEMICAL == 'yes'",chemical_injury rule 4
ophtho_eye_pain_foreign_body,CL_OEPFB_ABRASION,CSR_OEPFB_05,1,"answers.Q_OEPFB_METAL_WORK == 'no' && answers.Q_OEPFB_CHEMICAL == 'no' && answers.Q_OEPFB_CONTACT == 'no'",abrasion rule 5
id_fever,CL_IDF_VIRAL_FEVER,CSR_IDF_01,2,"answers.Q_IDF_TEMP_HIGH == 'no' && answers.Q_IDF_CONFUSION == 'no' && answers.Q_IDF_SOB == 'no'",viral_fever rule 1
id_fever,CL_IDF_SERIOUS_INFECTION,CSR_IDF_02,3,"answers.Q_IDF_TEMP_HIGH == 'yes'",serious_infection rule 2
id_fever,CL_IDF_SERIOUS_INFECTION,CSR_IDF_03,3,"answers.Q_IDF_IMMUNO == 'yes'",serious_infection rule 3
id_fever,CL_IDF_SERIOUS_INFECTION,CSR_IDF_04,4,"answers.Q_IDF_CONFUSION == 'yes'",serious_infection rule 4
id_fever,CL_IDF_MENINGITIS_LIKE,CSR_IDF_05,5,"answers.Q_IDF_NECK_STIFF == 'yes'",meningitis_like rule 5
id_fever,CL_IDF_VIRAL_FEVER,CSR_IDF_06,1,"answers.Q_IDF_IMMUNO == 'no' && answers.Q_IDF_TEMP_HIGH == 'no' && answers.Q_IDF_NECK_STIFF == 'no'",viral_fever rule 6
id_flu_like,CL_IDFL_INFLUENZA_LIKE,CSR_IDFL_01,2,"answers.Q_IDFL_FEVER == 'yes'",influenza_like rule 1
id_flu_like,CL_IDFL_VIRAL_URI,CSR_IDFL_02,2,"answers.Q_IDFL_FEVER == 'no'",viral_uri rule 2
id_flu_like,CL_IDFL_PNEUMONIA_RISK,CSR_IDFL_03,3,"answers.Q_IDFL_SOB == 'yes'",pneumonia_risk rule 3
id_flu_like,CL_IDFL_PNEUMONIA_RISK,CSR_IDFL_04,2,"answers.Q_IDFL_CP == 'yes'",pneumonia_risk rule 4
id_flu_like,CL_IDFL_COMPLICATED_FLU,CSR_IDFL_05,2,"answers.Q_IDFL_HIGH_RISK == 'yes'",complicated_flu rule 5
id_flu_like,CL_IDFL_COMPLICATED_FLU,CSR_IDFL_06,1,"answers.Q_IDFL_SYMPTOM_DAYS_5PLUS == 'yes'",complicated_flu rule 6
id_animal_bite_wound_infection,CL_IDBW_CELLULITIS_BITE,CSR_IDBW_01,3,"answers.Q_IDBW_SPREADING == 'yes'",cellulitis_bite rule 1
id_animal_bite_wound_infection,CL_IDBW_CELLULITIS_BITE,CSR_IDBW_02,2,"answers.Q_IDBW_FEVER == 'yes'",cellulitis_bite rule 2
id_animal_bite_wound_infection,CL_IDBW_HIGH_RISK_BITE,CSR_IDBW_03,3,"answers.Q_IDBW_DEEP == 'yes'",high_risk_bite rule 3
id_animal_bite_wound_infection,CL_IDBW_NEC_FAS,CSR_IDBW_04,5,"answers.Q_IDBW_PAIN_OUT == 'yes'",nec_fas rule 4
id_animal_bite_wound_infection,CL_IDBW_RABIES_EXPOSURE,CSR_IDBW_05,4,"answers.Q_IDBW_RABIES_RISK == 'yes'",rabies_exposure rule 5
id_animal_bite_wound_infection,CL_IDBW_SIMPLE_BITE,CSR_IDBW_06,1,"answers.Q_IDBW_SPREADING == 'no' && answers.Q_IDBW_FEVER == 'no' && answers.Q_IDBW_PAIN_OUT == 'no'",simple_bite rule 6
tox_overdose_intoxication,CL_TOXOD_SEDATIVE_OPIOID_LIKE,CSR_TOXOD_01,5,"answers.Q_TOXOD_SLOW_BREATH == 'yes'",sedative_opioid_like rule 1
tox_overdose_intoxication,CL_TOXOD_SEDATIVE_OPIOID_LIKE,CSR_TOXOD_02,3,"answers.Q_TOXOD_AMS == 'yes'",sedative_opioid_like rule 2
tox_overdose_intoxication,CL_TOXOD_STIMULANT_LIKE,CSR_TOXOD_03,3,"answers.Q_TOXOD_CHEST_PAIN == 'yes'",stimulant_like rule 3
tox_overdose_intoxication,CL_TOXOD_MIXED_UNKNOWN,CSR_TOXOD_04,3,"answers.Q_TOXOD_UNKNOWN == 'yes'",mixed_unknown rule 4
tox_overdose_intoxication,CL_TOXOD_GI_TOXICITY,CSR_TOXOD_05,2,"answers.Q_TOXOD_VOMIT == 'yes'",gi_toxicity rule 5
tox_overdose_intoxication,CL_TOXOD_MILD_INTOXICATION,CSR_TOXOD_06,1,"answers.Q_TOXOD_AMS == 'no' && answers.Q_TOXOD_SLOW_BREATH == 'no' && answers.Q_TOXOD_SEIZURE == 'no' && answers.Q_TOXOD_CHEST_PAIN == 'no'",mild_intoxication rule 6
tox_withdrawal,CL_TOXWD_SEVERE_WITHDRAWAL,CSR_TOXWD_01,5,"answers.Q_TOXWD_HALLUC == 'yes'",severe_withdrawal rule 1
tox_withdrawal,CL_TOXWD_SEVERE_WITHDRAWAL,CSR_TOXWD_02,3,"answers.Q_TOXWD_AUTONOMIC == 'yes'",severe_withdrawal rule 2
tox_withdrawal,CL_TOXWD_SEVERE_WITHDRAWAL,CSR_TOXWD_03,6,"answers.Q_TOXWD_SEIZURE == 'yes'",severe_withdrawal rule 3
tox_withdrawal,CL_TOXWD_MODERATE_WITHDRAWAL,CSR_TOXWD_04,2,"answers.Q_TOXWD_VOMIT == 'yes'",moderate_withdrawal rule 4
tox_withdrawal,CL_TOXWD_MODERATE_WITHDRAWAL,CSR_TOXWD_05,2,"answers.Q_TOXWD_HIGH_RISK == 'yes'",moderate_withdrawal rule 5
tox_withdrawal,CL_TOXWD_MILD_WITHDRAWAL,CSR_TOXWD_06,1,"answers.Q_TOXWD_SEIZURE == 'no' && answers.Q_TOXWD_HALLUC == 'no'",mild_withdrawal rule 6
tox_poisoning_exposure,CL_TOXPX_CORROSIVE_INJURY,CSR_TOXPX_01,5,"answers.Q_TOXPX_CORROSIVE == 'yes'",corrosive_injury rule 1
tox_poisoning_exposure,CL_TOXPX_INHALATION_INJURY,CSR_TOXPX_02,5,"answers.Q_TOXPX_INHALATION == 'yes'",inhalation_injury rule 2
tox_poisoning_exposure,CL_TOXPX_SYSTEMIC_TOXICITY,CSR_TOXPX_03,4,"answers.Q_TOXPX_AMS == 'yes'",systemic_toxicity rule 3
tox_poisoning_exposure,CL_TOXPX_GI_TOXICITY,CSR_TOXPX_04,2,"answers.Q_TOXPX_VOMIT == 'yes'",gi_toxicity rule 4
tox_poisoning_exposure,CL_TOXPX_UNKNOWN_EXPOSURE,CSR_TOXPX_05,3,"answers.Q_TOXPX_UNKNOWN == 'yes'",unknown_exposure rule 5
tox_poisoning_exposure,CL_TOXPX_UNKNOWN_EXPOSURE,CSR_TOXPX_06,1,"answers.Q_TOXPX_CORROSIVE == 'no' && answers.Q_TOXPX_INHALATION == 'no' && answers.Q_TOXPX_AMS == 'no'",unknown_exposure rule 6
ortho_trauma_head_injury,CL_OTHI_CONCUSSION,CSR_OTHI_01,2,"answers.Q_OTHI_LOC == 'yes'",concussion rule 1
ortho_trauma_head_injury,CL_OTHI_CONCUSSION,CSR_OTHI_02,2,"answers.Q_OTHI_SEVERE_HEADACHE == 'yes'",concussion rule 2
ortho_trauma_head_injury,CL_OTHI_ICH_RISK,CSR_OTHI_03,5,"answers.Q_OTHI_NEURODEF == 'yes'",ich_risk rule 3
ortho_trauma_head_injury,CL_OTHI_ICH_RISK,CSR_OTHI_04,3,"answers.Q_OTHI_BLOOD_THINNER == 'yes'",ich_risk rule 4
ortho_trauma_head_injury,CL_OTHI_ICH_RISK,CSR_OTHI_05,2,"answers.Q_OTHI_VOMIT == 'yes'",ich_risk rule 5
ortho_trauma_head_injury,CL_OTHI_MINOR_HEAD_INJURY,CSR_OTHI_06,2,"answers.Q_OTHI_LOC == 'no' && answers.Q_OTHI_NEURODEF == 'no' && answers.Q_OTHI_VOMIT == 'no'",minor_head_injury rule 6
ortho_trauma_fracture_dislocation,CL_OTFX_FRACTURE_DISLOCATION,CSR_OTFX_01,4,"answers.Q_OTFX_DEFORM == 'yes'",fracture_dislocation rule 1
ortho_trauma_fracture_dislocation,CL_OTFX_FRACTURE_DISLOCATION,CSR_OTFX_02,2,"answers.Q_OTFX_UNABLE_WEIGHT == 'yes'",fracture_dislocation rule 2
ortho_trauma_fracture_dislocation,CL_OTFX_OPEN_FRACTURE,CSR_OTFX_03,6,"answers.Q_OTFX_OPEN == 'yes'",open_fracture rule 3
ortho_trauma_fracture_dislocation,CL_OTFX_NV_COMPROMISE,CSR_OTFX_04,6,"answers.Q_OTFX_NEUROVASCULAR == 'yes'",nv_compromise rule 4
ortho_trauma_fracture_dislocation,CL_OTFX_SPRAIN_STRAIN,CSR_OTFX_05,2,"answers.Q_OTFX_DEFORM == 'no' && answers.Q_OTFX_UNABLE_WEIGHT == 'no'",sprain_strain rule 5
ortho_trauma_fracture_dislocation,CL_OTFX_FRACTURE_DISLOCATION,CSR_OTFX_06,1,"answers.Q_OTFX_SEVERE == 'yes'",fracture_dislocation rule 6
ortho_trauma_laceration,CL_OTLAC_SIMPLE_LAC,CSR_OTLAC_01,2,"answers.Q_OTLAC_DEEP == 'no' && answers.Q_OTLAC_BLEEDING_UNCONTROLLED == 'no'",simple_lac rule 1
ortho_trauma_laceration,CL_OTLAC_NEEDS_REPAIR,CSR_OTLAC_02,3,"answers.Q_OTLAC_DEEP == 'yes'",needs_repair rule 2
ortho_trauma_laceration,CL_OTLAC_TENDON_NERVE_INJURY,CSR_OTLAC_03,5,"answers.Q_OTLAC_TENDON == 'yes' || answers.Q_OTLAC_NUMB == 'yes'",tendon_nerve_injury rule 3
ortho_trauma_laceration,CL_OTLAC_INFECTION_RISK,CSR_OTLAC_04,3,"answers.Q_OTLAC_DIRTY == 'yes'",infection_risk rule 4
ortho_trauma_laceration,CL_OTLAC_COSMETIC_RISK,CSR_OTLAC_05,3,"answers.Q_OTLAC_FACE_HAND == 'yes'",cosmetic_risk rule 5
ortho_trauma_laceration,CL_OTLAC_SIMPLE_LAC,CSR_OTLAC_06,1,"answers.Q_OTLAC_TENDON == 'no' && answers.Q_OTLAC_NUMB == 'no' && answers.Q_OTLAC_DIRTY == 'no'",simple_lac rule 6
general_fatigue,CL_GFAT_VIRAL_ILLNESS,CSR_GFAT_01,2,"answers.Q_GFAT_FEVER == 'yes'",viral_illness rule 1
general_fatigue,CL_GFAT_ANEMIA_BLEED,CSR_GFAT_02,5,"answers.Q_GFAT_BLEEDING == 'yes'",anemia_bleed rule 2
general_fatigue,CL_GFAT_CARDIOPULMONARY,CSR_GFAT_03,5,"answers.Q_GFAT_CP_SOB == 'yes'",cardiopulmonary rule 3
general_fatigue,CL_GFAT_ORTHOSTASIS,CSR_GFAT_04,4,"answers.Q_GFAT_SYNCOPE == 'yes'",orthostasis rule 4
general_fatigue,CL_GFAT_SYSTEMIC_DISEASE,CSR_GFAT_05,3,"answers.Q_GFAT_WEIGHT_LOSS == 'yes'",systemic_disease rule 5
general_fatigue,CL_GFAT_BENIGN_FATIGUE,CSR_GFAT_06,1,"answers.Q_GFAT_CP_SOB == 'no' && answers.Q_GFAT_SYNCOPE == 'no' && answers.Q_GFAT_BLEEDING == 'no'",benign_fatigue rule 6
general_generalized_weakness,CL_GWEAK_STROKE_LIKE,CSR_GWEAK_01,6,"answers.Q_GWEAK_FOCAL == 'yes'",stroke_like rule 1
general_generalized_weakness,CL_GWEAK_VIRAL_ILLNESS,CSR_GWEAK_02,2,"answers.Q_GWEAK_FEVER == 'yes'",viral_illness rule 2
general_generalized_weakness,CL_GWEAK_DEHYDRATION,CSR_GWEAK_03,3,"answers.Q_GWEAK_DEHYD == 'yes'",dehydration rule 3
general_generalized_weakness,CL_GWEAK_HYPOGLYCEMIA,CSR_GWEAK_04,5,"answers.Q_GWEAK_LOW_GLUCOSE == 'yes'",hypoglycemia rule 4
general_generalized_weakness,CL_GWEAK_DECONDITIONING,CSR_GWEAK_05,2,"answers.Q_GWEAK_FEVER == 'no' && answers.Q_GWEAK_FOCAL == 'no' && answers.Q_GWEAK_CP_SOB == 'no'",deconditioning rule 5
general_generalized_weakness,CL_GWEAK_DECONDITIONING,CSR_GWEAK_06,1,"answers.Q_GWEAK_FOCAL == 'no' && answers.Q_GWEAK_LOW_GLUCOSE == 'no' && answers.Q_GWEAK_FEVER == 'no'",deconditioning rule 6
general_nausea_malaise,CL_GNAUS_GASTROENTERITIS,CSR_GNAUS_01,2,"answers.Q_GNAUS_DEHYD == 'no' && answers.Q_GNAUS_BLOOD == 'no' && answers.Q_GNAUS_CP == 'no'",gastroenteritis rule 1
general_nausea_malaise,CL_GNAUS_DEHYDRATION,CSR_GNAUS_02,3,"answers.Q_GNAUS_DEHYD == 'yes'",dehydration rule 2
general_nausea_malaise,CL_GNAUS_GI_BLEED,CSR_GNAUS_03,5,"answers.Q_GNAUS_BLOOD == 'yes'",gi_bleed rule 3
general_nausea_malaise,CL_GNAUS_CARDIAC_MIMIC,CSR_GNAUS_04,5,"answers.Q_GNAUS_CP == 'yes' || answers.Q_GNAUS_SOB == 'yes'",cardiac_mimic rule 4
general_nausea_malaise,CL_GNAUS_PREG_RELATED,CSR_GNAUS_05,3,"answers.Q_GNAUS_PREG == 'yes'",preg_related rule 5
cardio_palpitations,CL_PALP_SVT_AF,CSR_PALP_SVT_AF_03,2,"answers.Q_PALP_SYNCOPE == 'yes'","Syncope suggests arrhythmia"
cardio_leg_swelling,CL_LGSW_CELLULITIS,CSR_LGSW_CELLULITIS_02,1,"answers.Q_LGSW_ONE_LEG == 'yes'","Unilateral swelling with infection"
gi_abdominal_pain,CL_ABD_GASTROENTERITIS,CSR_ABD_GASTROENTERITIS_04,1,"answers.Q_ABD_LOC != 'rlq' && answers.Q_ABD_LOC != 'ruq' && answers.Q_ABD_LOC != 'llq' && answers.Q_ABD_LOC != 'diffuse'","Non-localized pain defaults gastro"
gi_constipation,CL_CONST_OBSTRUCTION,CSR_CONST_OBSTRUCTION_04,1,"answers.Q_CONST_FEVER == 'yes'","Fever suggests obstruction"
gi_constipation,CL_CONST_OBSTRUCTION,CSR_CONST_OBSTRUCTION_05,1,"answers.Q_CONST_DUR >= 6","Prolonged obstipation"
gi_diarrhea,CL_DIARR_INVASIVE_BACTERIAL,CSR_DIARR_INVASIVE_BACTERIAL_04,2,"answers.Q_DIARR_FEVER == 'yes' && answers.Q_DIARR_TRAVEL == 'yes'","Fever plus travel invasive"
gi_diarrhea,CL_DIARR_C_DIFF,CSR_DIARR_C_DIFF_04,1,"answers.Q_DIARR_IMMUNO == 'yes'","Immunocompromised c_diff risk"
gi_diarrhea,CL_DIARR_C_DIFF,CSR_DIARR_C_DIFF_05,2,"answers.Q_DIARR_ABX == 'yes' && answers.Q_DIARR_TRAVEL == 'yes'","ABX plus travel c_diff risk"
gi_diarrhea,CL_DIARR_TRAVELERS,CSR_DIARR_TRAVELERS_03,2,"answers.Q_DIARR_FEVER == 'no' && answers.Q_DIARR_BLOOD == 'no'","Benign travelers diarrhea"
gi_diarrhea,CL_DIARR_TRAVELERS,CSR_DIARR_TRAVELERS_04,1,"answers.Q_DIARR_DUR >= 5","Prolonged travelers diarrhea"
gi_vomiting,CL_VOM_PANCREATITIS_LIKE,CSR_VOM_PANCREATITIS_LIKE_04,1,"answers.Q_VOM_DUR <= 1","Acute onset pancreatitis"
ophtho_vision_loss,CL_OVL_MIGRAINE_AURA,NEG_MIG_SUDDEN_NO_HEADACHE,-3,"answers.Q_OVL_SUDDEN == 'yes' && answers.Q_OVL_HEADACHE == 'no'",NEG_MIG_SUDDEN_NO_HEADACHE suppressor
ophtho_vision_loss,CL_OVL_MIGRAINE_AURA,NEG_MIG_NEURODEF,-6,"answers.Q_OVL_NEURODEF == 'yes'",NEG_MIG_NEURODEF suppressor
ophtho_vision_loss,CL_OVL_MIGRAINE_AURA,NEG_MIG_FLASHES,-4,"answers.Q_OVL_FLASHES_FLOATERS == 'yes'",NEG_MIG_FLASHES suppressor
ophtho_vision_loss,CL_OVL_VASCULAR_EVENT,NEG_VASC_PAINFUL,-3,"answers.Q_OVL_PAIN == 'yes'",NEG_VASC_PAINFUL suppressor
ophtho_vision_loss,CL_OVL_VASCULAR_EVENT,NEG_VASC_FLASHES,-3,"answers.Q_OVL_FLASHES_FLOATERS == 'yes'",NEG_VASC_FLASHES suppressor
ophtho_vision_loss,CL_OVL_STROKE_VISUAL,NEG_STROKE_NO_NEURO,-4,"answers.Q_OVL_NEURODEF == 'no'",NEG_STROKE_NO_NEURO suppressor
ophtho_vision_loss,CL_OVL_RETINAL_DETACHMENT,NEG_RD_NO_FLASHES,-6,"answers.Q_OVL_FLASHES_FLOATERS == 'no'",NEG_RD_NO_FLASHES suppressor
ophtho_vision_loss,CL_OVL_ACUTE_GLAUCOMA,NEG_GLAU_NO_PAIN,-6,"answers.Q_OVL_PAIN == 'no'",NEG_GLAU_NO_PAIN suppressor
ophtho_vision_loss,CL_OVL_ACUTE_GLAUCOMA,NEG_GLAU_NO_HEADACHE,-2,"answers.Q_OVL_HEADACHE == 'no'",NEG_GLAU_NO_HEADACHE suppressor
ophtho_vision_loss,CL_OVL_TRAUMATIC_INJURY,NEG_TRAUMA_NO_TRAUMA,-6,"answers.Q_OVL_TRAUMA == 'no'",NEG_TRAUMA_NO_TRAUMA suppressor
ophtho_eye_pain_foreign_body,CL_OEPFB_ABRASION,NEG_ABR_METAL_WORK,-4,"answers.Q_OEPFB_METAL_WORK == 'yes'",NEG_ABR_METAL_WORK suppressor
ophtho_eye_pain_foreign_body,CL_OEPFB_ABRASION,NEG_ABR_CHEMICAL,-6,"answers.Q_OEPFB_CHEMICAL == 'yes'",NEG_ABR_CHEMICAL suppressor
ophtho_eye_pain_foreign_body,CL_OEPFB_ABRASION,NEG_ABR_CONTACT,-4,"answers.Q_OEPFB_CONTACT == 'yes'",NEG_ABR_CONTACT suppressor
ophtho_eye_pain_foreign_body,CL_OEPFB_FOREIGN_BODY,NEG_FB_NO_METAL,-6,"answers.Q_OEPFB_METAL_WORK == 'no'",NEG_FB_NO_METAL suppressor
ophtho_eye_pain_foreign_body,CL_OEPFB_CHEMICAL_INJURY,NEG_CHEM_NO_CHEMICAL,-6,"answers.Q_OEPFB_CHEMICAL == 'no'",NEG_CHEM_NO_CHEMICAL suppressor
ophtho_eye_pain_foreign_body,CL_OEPFB_KERATITIS,NEG_KER_NO_CONTACT2,-6,"answers.Q_OEPFB_CONTACT == 'no'",NEG_KER_NO_CONTACT2 suppressor
ophtho_eye_pain_foreign_body,CL_OEPFB_KERATITIS,NEG_KER_NO_PAIN_PHOTO_VIS,-3,"answers.Q_OEPFB_CONTACT == 'yes' && answers.Q_OEPFB_SEVERE_PAIN == 'no' && answers.Q_OEPFB_PHOTOPHOBIA == 'no' && answers.Q_OEPFB_VISION_CHANGE == 'no'",NEG_KER_NO_PAIN_PHOTO_VIS suppressor
ophtho_eye_pain_foreign_body,CL_OEPFB_FOREIGN_BODY,NEG_FB_CHEMICAL,-4,"answers.Q_OEPFB_CHEMICAL == 'yes'",NEG_FB_CHEMICAL suppressor
ophtho_eye_pain_foreign_body,CL_OEPFB_CHEMICAL_INJURY,NEG_CHEM_METAL,-2,"answers.Q_OEPFB_METAL_WORK == 'yes'",NEG_CHEM_METAL suppressor
ophtho_eye_pain_foreign_body,CL_OEPFB_FOREIGN_BODY,NEG_FB_LOW_SEV,-1,"answers.Q_OEPFB_SEVERE_PAIN == 'no' && answers.Q_OEPFB_VISION_CHANGE == 'no'",NEG_FB_LOW_SEV suppressor
tox_poisoning_exposure,CL_TOXPX_CORROSIVE_INJURY,NEG_CORR_NO_CORR,-6,"answers.Q_TOXPX_CORROSIVE == 'no'",NEG_CORR_NO_CORR suppressor
tox_poisoning_exposure,CL_TOXPX_INHALATION_INJURY,NEG_INH_NO_INH,-6,"answers.Q_TOXPX_INHALATION == 'no'",NEG_INH_NO_INH suppressor
tox_poisoning_exposure,CL_TOXPX_SYSTEMIC_TOXICITY,NEG_SYS_NO_AMS,-6,"answers.Q_TOXPX_AMS == 'no'",NEG_SYS_NO_AMS suppressor
tox_poisoning_exposure,CL_TOXPX_GI_TOXICITY,NEG_GI2_NO_VOMIT,-6,"answers.Q_TOXPX_VOMIT == 'no'",NEG_GI2_NO_VOMIT suppressor
tox_poisoning_exposure,CL_TOXPX_UNKNOWN_EXPOSURE,NEG_UNK_KNOWN_ALL_FALSE,-3,"answers.Q_TOXPX_UNKNOWN == 'no' && answers.Q_TOXPX_CORROSIVE == 'no' && answers.Q_TOXPX_INHALATION == 'no' && answers.Q_TOXPX_AMS == 'no' && answers.Q_TOXPX_CHEST_PAIN == 'no' && answers.Q_TOXPX_VOMIT == 'no'",NEG_UNK_KNOWN_ALL_FALSE suppressor
tox_poisoning_exposure,CL_TOXPX_UNKNOWN_EXPOSURE,NEG_UNK_CORR_DOM,-4,"answers.Q_TOXPX_CORROSIVE == 'yes'",NEG_UNK_CORR_DOM suppressor
tox_poisoning_exposure,CL_TOXPX_UNKNOWN_EXPOSURE,NEG_UNK_INH_DOM,-4,"answers.Q_TOXPX_INHALATION == 'yes'",NEG_UNK_INH_DOM suppressor
tox_poisoning_exposure,CL_TOXPX_UNKNOWN_EXPOSURE,NEG_UNK_AMS_DOM,-4,"answers.Q_TOXPX_AMS == 'yes'",NEG_UNK_AMS_DOM suppressor
tox_poisoning_exposure,CL_TOXPX_INHALATION_INJURY,NEG_INH_CORR,-2,"answers.Q_TOXPX_CORROSIVE == 'yes'",NEG_INH_CORR suppressor
tox_poisoning_exposure,CL_TOXPX_CORROSIVE_INJURY,NEG_CORR_INH,-2,"answers.Q_TOXPX_INHALATION == 'yes'",NEG_CORR_INH suppressor
ortho_trauma_fracture_dislocation,CL_OTFX_SPRAIN_STRAIN,NEG_SPR_DEFORM,-6,"answers.Q_OTFX_DEFORM == 'yes'",NEG_SPR_DEFORM suppressor
ortho_trauma_fracture_dislocation,CL_OTFX_SPRAIN_STRAIN,NEG_SPR_OPEN,-6,"answers.Q_OTFX_OPEN == 'yes'",NEG_SPR_OPEN suppressor
ortho_trauma_fracture_dislocation,CL_OTFX_SPRAIN_STRAIN,NEG_SPR_NV,-6,"answers.Q_OTFX_NEUROVASCULAR == 'yes'",NEG_SPR_NV suppressor
ortho_trauma_fracture_dislocation,CL_OTFX_SPRAIN_STRAIN,NEG_SPR_UNABLE,-4,"answers.Q_OTFX_UNABLE_WEIGHT == 'yes'",NEG_SPR_UNABLE suppressor
ortho_trauma_fracture_dislocation,CL_OTFX_OPEN_FRACTURE,NEG_OPEN_NO_OPEN,-6,"answers.Q_OTFX_OPEN == 'no'",NEG_OPEN_NO_OPEN suppressor
ortho_trauma_fracture_dislocation,CL_OTFX_NV_COMPROMISE,NEG_NV_NO_NV,-6,"answers.Q_OTFX_NEUROVASCULAR == 'no'",NEG_NV_NO_NV suppressor
ortho_trauma_fracture_dislocation,CL_OTFX_FRACTURE_DISLOCATION,NEG_FX_NO_DEFORM_NO_UNABLE,-4,"answers.Q_OTFX_DEFORM == 'no' && answers.Q_OTFX_UNABLE_WEIGHT == 'no' && answers.Q_OTFX_HIGH_ENERGY == 'no'",NEG_FX_NO_DEFORM_NO_UNABLE suppressor
ortho_trauma_fracture_dislocation,CL_OTFX_FRACTURE_DISLOCATION,NEG_FX_OPEN_DOM,-2,"answers.Q_OTFX_OPEN == 'yes'",NEG_FX_OPEN_DOM suppressor
ortho_trauma_fracture_dislocation,CL_OTFX_FRACTURE_DISLOCATION,NEG_FX_NV_DOM,-2,"answers.Q_OTFX_NEUROVASCULAR == 'yes'",NEG_FX_NV_DOM suppressor
ortho_trauma_fracture_dislocation,CL_OTFX_SPRAIN_STRAIN,NEG_SPR_SEVERE,-3,"answers.Q_OTFX_SEVERE == 'yes' && answers.Q_OTFX_UNABLE_WEIGHT == 'yes'",NEG_SPR_SEVERE suppressor
ortho_trauma_laceration,CL_OTLAC_SIMPLE_LAC,NEG_SIMPLE_DEEP,-6,"answers.Q_OTLAC_DEEP == 'yes'",NEG_SIMPLE_DEEP suppressor
ortho_trauma_laceration,CL_OTLAC_SIMPLE_LAC,NEG_SIMPLE_BLEED,-6,"answers.Q_OTLAC_BLEEDING_UNCONTROLLED == 'yes'",NEG_SIMPLE_BLEED suppressor
ortho_trauma_laceration,CL_OTLAC_SIMPLE_LAC,NEG_SIMPLE_TENDON,-6,"answers.Q_OTLAC_TENDON == 'yes' || answers.Q_OTLAC_NUMB == 'yes'",NEG_SIMPLE_TENDON suppressor
ortho_trauma_laceration,CL_OTLAC_NEEDS_REPAIR,NEG_REPAIR_NO_DEEP_NO_BLEED,-3,"answers.Q_OTLAC_DEEP == 'no' && answers.Q_OTLAC_BLEEDING_UNCONTROLLED == 'no'",NEG_REPAIR_NO_DEEP_NO_BLEED suppressor
ortho_trauma_laceration,CL_OTLAC_TENDON_NERVE_INJURY,NEG_TNI_NO_SIGNS,-6,"answers.Q_OTLAC_TENDON == 'no' && answers.Q_OTLAC_NUMB == 'no'",NEG_TNI_NO_SIGNS suppressor
ortho_trauma_laceration,CL_OTLAC_INFECTION_RISK,NEG_INF_NOT_DIRTY,-6,"answers.Q_OTLAC_DIRTY == 'no'",NEG_INF_NOT_DIRTY suppressor
ortho_trauma_laceration,CL_OTLAC_COSMETIC_RISK,NEG_COS_NOT_FACEHAND,-6,"answers.Q_OTLAC_FACE_HAND == 'no'",NEG_COS_NOT_FACEHAND suppressor
ortho_trauma_laceration,CL_OTLAC_NEEDS_REPAIR,NEG_REPAIR_TENDON_DOM,-2,"answers.Q_OTLAC_TENDON == 'yes' || answers.Q_OTLAC_NUMB == 'yes'",NEG_REPAIR_TENDON_DOM suppressor
ortho_trauma_laceration,CL_OTLAC_NEEDS_REPAIR,NEG_REPAIR_DIRTY_DOM,-1,"answers.Q_OTLAC_DIRTY == 'yes' && answers.Q_OTLAC_DEEP == 'no'",NEG_REPAIR_DIRTY_DOM suppressor
ortho_trauma_laceration,CL_OTLAC_INFECTION_RISK,NEG_INF_BLEED_ONLY,-2,"answers.Q_OTLAC_BLEEDING_UNCONTROLLED == 'yes' && answers.Q_OTLAC_DIRTY == 'no'",NEG_INF_BLEED_ONLY suppressor
msk_joint_pain,CL_JTPN_INFLAMMATORY,NEG_GOUT_FEVER_HIGH,-3,"answers.Q_JTPN_FEVER == 'yes' && answers.Q_JTPN_HOT == 'yes'",NEG_GOUT_FEVER_HIGH suppressor
msk_joint_pain,CL_JTPN_SEPTIC_ARTHRITIS,NEG_SEP_NO_FEVER,-6,"answers.Q_JTPN_FEVER == 'no'",NEG_SEP_NO_FEVER suppressor
msk_joint_pain,CL_JTPN_SEPTIC_ARTHRITIS,BOOST_SEP_MONO_FEVER,2,"answers.Q_JTPN_MANY_JOINTS == 'no' && answers.Q_JTPN_FEVER == 'yes'",BOOST_SEP_MONO_FEVER suppressor
msk_joint_pain,CL_JTPN_DEGENERATIVE,NEG_DEGEN_HOT,-5,"answers.Q_JTPN_HOT == 'yes'",NEG_DEGEN_HOT suppressor
msk_joint_pain,CL_JTPN_INFLAMMATORY,BOOST_INF_POLY,1,"answers.Q_JTPN_MANY_JOINTS == 'yes' && answers.Q_JTPN_HOT == 'yes'",BOOST_INF_POLY suppressor
msk_sprain_injury,CL_SINJ_SPRAIN_STRAIN,NEG_SPR_DEFORM,-6,"answers.Q_SINJ_DEFORM == 'yes'",NEG_SPR_DEFORM suppressor
msk_sprain_injury,CL_SINJ_SPRAIN_STRAIN,NEG_SPR_UNABLE_WEIGHT,-4,"answers.Q_SINJ_UNABLE_WEIGHT == 'yes'",NEG_SPR_UNABLE_WEIGHT suppressor
msk_sprain_injury,CL_SINJ_FRACTURE_DISLOCATION,BOOST_FX_DEFORM,2,"answers.Q_SINJ_DEFORM == 'yes'",BOOST_FX_DEFORM suppressor
msk_sprain_injury,CL_SINJ_FRACTURE_DISLOCATION,BOOST_FX_UNABLE_WEIGHT,1,"answers.Q_SINJ_UNABLE_WEIGHT == 'yes'",BOOST_FX_UNABLE_WEIGHT suppressor
endo_hypoglycemia,CL_EHYPO_MILD_HYPOGLYCEMIA,NEG_MILD_CONFUSION,-6,"answers.Q_EHYPO_CONFUSION == 'yes'",NEG_MILD_CONFUSION suppressor
endo_hypoglycemia,CL_EHYPO_MILD_HYPOGLYCEMIA,NEG_MILD_SYNCOPE,-6,"answers.Q_EHYPO_SYNCOPE == 'yes'",NEG_MILD_SYNCOPE suppressor
endo_hypoglycemia,CL_EHYPO_SEVERE_HYPOGLYCEMIA,BOOST_SEV_CONFUSION,2,"answers.Q_EHYPO_CONFUSION == 'yes'",BOOST_SEV_CONFUSION suppressor
endo_hypoglycemia,CL_EHYPO_SEVERE_HYPOGLYCEMIA,BOOST_SEV_SYNCOPE,2,"answers.Q_EHYPO_SYNCOPE == 'yes'",BOOST_SEV_SYNCOPE suppressor
id_fever,CL_IDF_VIRAL_FEVER,NEG_VIRAL_HIGH_RISK,-3,"answers.Q_IDF_IMMUNO == 'yes'",NEG_VIRAL_HIGH_RISK suppressor
id_fever,CL_IDF_VIRAL_FEVER,NEG_VIRAL_NECK,-6,"answers.Q_IDF_NECK_STIFF == 'yes'",NEG_VIRAL_NECK suppressor
id_fever,CL_IDF_VIRAL_FEVER,NEG_VIRAL_CONFUSION,-5,"answers.Q_IDF_CONFUSION == 'yes'",NEG_VIRAL_CONFUSION suppressor
id_fever,CL_IDF_VIRAL_FEVER,NEG_VIRAL_SOB,-4,"answers.Q_IDF_SOB == 'yes'",NEG_VIRAL_SOB suppressor
id_fever,CL_IDF_MENINGITIS_LIKE,NEG_MEN_NO_NECK,-5,"answers.Q_IDF_NECK_STIFF == 'no'",NEG_MEN_NO_NECK suppressor
id_fever,CL_IDF_MENINGITIS_LIKE,BOOST_MEN_NECK_CONF,2,"answers.Q_IDF_NECK_STIFF == 'yes' && answers.Q_IDF_CONFUSION == 'yes'",BOOST_MEN_NECK_CONF suppressor
id_fever,CL_IDF_SERIOUS_INFECTION,NEG_SER_NO_SYSTEMIC,-3,"answers.Q_IDF_TEMP_HIGH == 'no' && answers.Q_IDF_SOB == 'no' && answers.Q_IDF_CONFUSION == 'no' && answers.Q_IDF_RASH_PURPLE == 'no'",NEG_SER_NO_SYSTEMIC suppressor
id_fever,CL_IDF_SERIOUS_INFECTION,BOOST_SER_PURPURA,2,"answers.Q_IDF_RASH_PURPLE == 'yes'",BOOST_SER_PURPURA suppressor
tox_overdose_intoxication,CL_TOXOD_SEDATIVE_OPIOID_LIKE,BOOST_SED_SLOWBREATH,2,"answers.Q_TOXOD_SLOW_BREATH == 'yes'",BOOST_SED_SLOWBREATH suppressor
tox_overdose_intoxication,CL_TOXOD_SEDATIVE_OPIOID_LIKE,BOOST_SED_AMS_PLUS_SLOW,2,"answers.Q_TOXOD_AMS == 'yes' && answers.Q_TOXOD_SLOW_BREATH == 'yes'",BOOST_SED_AMS_PLUS_SLOW suppressor
tox_overdose_intoxication,CL_TOXOD_STIMULANT_LIKE,NEG_STIM_NO_CP,-6,"answers.Q_TOXOD_CHEST_PAIN == 'no'",NEG_STIM_NO_CP suppressor
tox_overdose_intoxication,CL_TOXOD_GI_TOXICITY,NEG_GI_NO_VOMIT,-6,"answers.Q_TOXOD_VOMIT == 'no'",NEG_GI_NO_VOMIT suppressor
tox_overdose_intoxication,CL_TOXOD_MIXED_UNKNOWN,NEG_MIXED_ALL_FALSE,-5,"answers.Q_TOXOD_UNKNOWN == 'no' && answers.Q_TOXOD_AMS == 'no' && answers.Q_TOXOD_SLOW_BREATH == 'no' && answers.Q_TOXOD_SEIZURE == 'no' && answers.Q_TOXOD_CHEST_PAIN == 'no' && answers.Q_TOXOD_VOMIT == 'no'",NEG_MIXED_ALL_FALSE suppressor
tox_overdose_intoxication,CL_TOXOD_MIXED_UNKNOWN,NEG_MIXED_SED_STRONG,-3,"answers.Q_TOXOD_SLOW_BREATH == 'yes'",NEG_MIXED_SED_STRONG suppressor
derm_allergic_reaction,CL_DALRG_ANAPHYLAXIS,NEG_ANA_NO_AIRWAY,-6,"answers.Q_DALRG_LIP_TONGUE == 'no' && answers.Q_DALRG_THROAT == 'no' && answers.Q_DALRG_SOB == 'no'",NEG_ANA_NO_AIRWAY suppressor
derm_allergic_reaction,CL_DALRG_ANAPHYLAXIS,NEG_ANA_HIVES_ONLY,-4,"answers.Q_DALRG_HIVES == 'yes' && answers.Q_DALRG_VOMIT == 'no' && answers.Q_DALRG_LIP_TONGUE == 'no' && answers.Q_DALRG_THROAT == 'no' && answers.Q_DALRG_SOB == 'no'",NEG_ANA_HIVES_ONLY suppressor
derm_allergic_reaction,CL_DALRG_ANAPHYLAXIS,BOOST_ANA_AIRWAY,2,"answers.Q_DALRG_LIP_TONGUE == 'yes' || answers.Q_DALRG_THROAT == 'yes' || answers.Q_DALRG_SOB == 'yes'",BOOST_ANA_AIRWAY suppressor
derm_allergic_reaction,CL_DALRG_URTICARIA,NEG_URT_AIRWAY,-6,"answers.Q_DALRG_LIP_TONGUE == 'yes' || answers.Q_DALRG_THROAT == 'yes' || answers.Q_DALRG_SOB == 'yes'",NEG_URT_AIRWAY suppressor
derm_allergic_reaction,CL_DALRG_URTICARIA,BOOST_URT_HIVES_ONLY,1,"answers.Q_DALRG_HIVES == 'yes' && answers.Q_DALRG_LIP_TONGUE == 'no' && answers.Q_DALRG_THROAT == 'no' && answers.Q_DALRG_SOB == 'no'",BOOST_URT_HIVES_ONLY suppressor
derm_allergic_reaction,CL_DALRG_URTICARIA,NEG_URT_NO_HIVES,-4,"answers.Q_DALRG_HIVES == 'no'",NEG_URT_NO_HIVES suppressor
tox_withdrawal,CL_TOXWD_SEVERE_WITHDRAWAL,BOOST_SEV_SEIZURE,3,"answers.Q_TOXWD_SEIZURE == 'yes'",BOOST_SEV_SEIZURE suppressor
tox_withdrawal,CL_TOXWD_SEVERE_WITHDRAWAL,BOOST_SEV_HALLUC,3,"answers.Q_TOXWD_HALLUC == 'yes'",BOOST_SEV_HALLUC suppressor
tox_withdrawal,CL_TOXWD_MODERATE_WITHDRAWAL,NEG_MOD_SEIZURE,-6,"answers.Q_TOXWD_SEIZURE == 'yes'",NEG_MOD_SEIZURE suppressor
tox_withdrawal,CL_TOXWD_MODERATE_WITHDRAWAL,NEG_MOD_HALLUC,-6,"answers.Q_TOXWD_HALLUC == 'yes'",NEG_MOD_HALLUC suppressor
tox_withdrawal,CL_TOXWD_SEVERE_WITHDRAWAL,NEG_SEV_AUTONOMIC_ONLY,-4,"answers.Q_TOXWD_AUTONOMIC == 'yes' && answers.Q_TOXWD_SEIZURE == 'no' && answers.Q_TOXWD_HALLUC == 'no' && answers.Q_TOXWD_CHEST_PAIN == 'no' && answers.Q_TOXWD_VOMIT == 'no' && answers.Q_TOXWD_HIGH_RISK == 'no'",NEG_SEV_AUTONOMIC_ONLY suppressor
tox_withdrawal,CL_TOXWD_MODERATE_WITHDRAWAL,BOOST_MOD_VOMIT_ONLY,1,"answers.Q_TOXWD_VOMIT == 'yes' && answers.Q_TOXWD_SEIZURE == 'no' && answers.Q_TOXWD_HALLUC == 'no' && answers.Q_TOXWD_CHEST_PAIN == 'no'",BOOST_MOD_VOMIT_ONLY suppressor
id_flu_like,CL_IDFL_PNEUMONIA_RISK,NEG_PNA_NO_RESP,-6,"answers.Q_IDFL_SOB == 'no' && answers.Q_IDFL_CP == 'no'",NEG_PNA_NO_RESP suppressor
id_flu_like,CL_IDFL_PNEUMONIA_RISK,NEG_PNA_DEHYD_ONLY,-3,"answers.Q_IDFL_DEHYD == 'yes' && answers.Q_IDFL_SOB == 'no' && answers.Q_IDFL_CP == 'no'",NEG_PNA_DEHYD_ONLY suppressor
id_flu_like,CL_IDFL_INFLUENZA_LIKE,NEG_FLU_NO_FEVER,-6,"answers.Q_IDFL_FEVER == 'no'",NEG_FLU_NO_FEVER suppressor
id_flu_like,CL_IDFL_VIRAL_URI,NEG_URI_FEVER_PRESENT,-3,"answers.Q_IDFL_FEVER == 'yes'",NEG_URI_FEVER_PRESENT suppressor
id_flu_like,CL_IDFL_COMPLICATED_FLU,NEG_CFLU_NO_RISK_LONG,-4,"answers.Q_IDFL_HIGH_RISK == 'no' && answers.Q_IDFL_SYMPTOM_DAYS_5PLUS == 'no'",NEG_CFLU_NO_RISK_LONG suppressor
id_flu_like,CL_IDFL_PNEUMONIA_RISK,BOOST_PNA_SOB_FEVER,2,"answers.Q_IDFL_SOB == 'yes' && answers.Q_IDFL_FEVER == 'yes'",BOOST_PNA_SOB_FEVER suppressor
endo_thyroid_symptoms,CL_ETHYR_THYROID_STORM,BOOST_STORM_DELIR,4,"answers.Q_ETHYR_FEVER_DELIRIUM == 'yes'",BOOST_STORM_DELIR suppressor
endo_thyroid_symptoms,CL_ETHYR_THYROID_STORM,BOOST_STORM_TACHY_CP,2,"answers.Q_ETHYR_TACHY == 'yes' && answers.Q_ETHYR_CP_SOB == 'yes'",BOOST_STORM_TACHY_CP suppressor
endo_thyroid_symptoms,CL_ETHYR_THYROID_STORM,NEG_STORM_NO_DELIR_NO_CP,-4,"answers.Q_ETHYR_FEVER_DELIRIUM == 'no' && answers.Q_ETHYR_CP_SOB == 'no'",NEG_STORM_NO_DELIR_NO_CP suppressor
endo_thyroid_symptoms,CL_ETHYR_HYPERTHYROID,NEG_HYPER_NO_TACHY,-4,"answers.Q_ETHYR_TACHY == 'no'",NEG_HYPER_NO_TACHY suppressor
endo_thyroid_symptoms,CL_ETHYR_HYPOTHYROID,NEG_HYPO_TACHY_DOM,-2,"answers.Q_ETHYR_TACHY == 'yes' && answers.Q_ETHYR_WEIGHT_GAIN == 'no'",NEG_HYPO_TACHY_DOM suppressor
endo_thyroid_symptoms,CL_ETHYR_HYPOTHYROID,BOOST_HYPO_WEIGHTGAIN,2,"answers.Q_ETHYR_WEIGHT_GAIN == 'yes'",BOOST_HYPO_WEIGHTGAIN suppressor
ortho_trauma_head_injury,CL_OTHI_MINOR_HEAD_INJURY,NEG_MINOR_LOC,-6,"answers.Q_OTHI_LOC == 'yes'",NEG_MINOR_LOC suppressor
ortho_trauma_head_injury,CL_OTHI_MINOR_HEAD_INJURY,NEG_MINOR_VOMIT,-6,"answers.Q_OTHI_VOMIT == 'yes'",NEG_MINOR_VOMIT suppressor
ortho_trauma_head_injury,CL_OTHI_MINOR_HEAD_INJURY,NEG_MINOR_NEURO,-6,"answers.Q_OTHI_NEURODEF == 'yes'",NEG_MINOR_NEURO suppressor
ortho_trauma_head_injury,CL_OTHI_CONCUSSION,NEG_CONC_NEURODEF,-3,"answers.Q_OTHI_NEURODEF == 'yes'",NEG_CONC_NEURODEF suppressor
ortho_trauma_head_injury,CL_OTHI_ICH_RISK,BOOST_ICH_THINNER,2,"answers.Q_OTHI_BLOOD_THINNER == 'yes'",BOOST_ICH_THINNER suppressor
ortho_trauma_head_injury,CL_OTHI_ICH_RISK,BOOST_ICH_NEURODEF,3,"answers.Q_OTHI_NEURODEF == 'yes'",BOOST_ICH_NEURODEF suppressor
psych_agitation_psychosis,CL_PAGIT_AGITATION,BOOST_AG_VIOLENT,2,"answers.Q_PAGIT_VIOLENT == 'yes'",BOOST_AG_VIOLENT suppressor
psych_agitation_psychosis,CL_PAGIT_AGITATION,BOOST_AG_UNSAFE,2,"answers.Q_PAGIT_UNABLE_SAFE == 'yes'",BOOST_AG_UNSAFE suppressor
psych_agitation_psychosis,CL_PAGIT_ACUTE_PSYCHOSIS,BOOST_AP_HALLUC,3,"answers.Q_PAGIT_HALLUC == 'yes'",BOOST_AP_HALLUC suppressor
psych_agitation_psychosis,CL_PAGIT_DELIRIUM_MEDICAL,BOOST_DELIR_FEVER,4,"answers.Q_PAGIT_FEVER == 'yes'",BOOST_DELIR_FEVER suppressor
psych_agitation_psychosis,CL_PAGIT_AGITATION,NEG_AG_FEVER,-3,"answers.Q_PAGIT_FEVER == 'yes'",NEG_AG_FEVER suppressor
psych_agitation_psychosis,CL_PAGIT_ACUTE_PSYCHOSIS,NEG_AP_NO_HALLUC,-5,"answers.Q_PAGIT_HALLUC == 'no'",NEG_AP_NO_HALLUC suppressor
derm_cellulitis,CL_DCELL_NEC_FAS,NEG_NEC_NO_PAINOUT_V3,-6,"answers.Q_DCELL_PAIN_OUT == 'no'",NEG_NEC_NO_PAINOUT_V3 suppressor
derm_cellulitis,CL_DCELL_NEC_FAS,NEG_NEC_PAINOUT_ONLY_V3,-4,"answers.Q_DCELL_PAIN_OUT == 'yes' && answers.Q_DCELL_FEVER == 'no' && answers.Q_DCELL_SPREADING == 'no'",NEG_NEC_PAINOUT_ONLY_V3 suppressor
derm_cellulitis,CL_DCELL_ABSCESS,NEG_ABS_NO_PUS_V3,-6,"answers.Q_DCELL_PUS == 'no'",NEG_ABS_NO_PUS_V3 suppressor
derm_cellulitis,CL_DCELL_CELLULITIS,BOOST_CELL_FEVER_SPREAD_V3,1,"answers.Q_DCELL_FEVER == 'yes' && answers.Q_DCELL_SPREADING == 'yes'",BOOST_CELL_FEVER_SPREAD_V3 suppressor
psych_anxiety_panic,CL_PANX_PANIC_ATTACK,NEG_PANIC_SYNCOPE_V3,-6,"answers.Q_PANX_SYNCOPE == 'yes'",NEG_PANIC_SYNCOPE_V3 suppressor
psych_anxiety_panic,CL_PANX_MEDICAL_MIMIC,BOOST_MED_CP_SOB_V3,1,"answers.Q_PANX_CP == 'yes' && answers.Q_PANX_SOB == 'yes'",BOOST_MED_CP_SOB_V3 suppressor
psych_anxiety_panic,CL_PANX_MEDICAL_MIMIC,NEG_MED_CP_ONLY_V3,-2,"answers.Q_PANX_CP == 'yes' && answers.Q_PANX_SOB == 'no' && answers.Q_PANX_SYNCOPE == 'no'",NEG_MED_CP_ONLY_V3 suppressor
psych_anxiety_panic,CL_PANX_PANIC_ATTACK,BOOST_PANIC_SUDDEN_SAFE_V3,1,"answers.Q_PANX_SUDDEN == 'yes' && answers.Q_PANX_CP == 'no' && answers.Q_PANX_SOB == 'no' && answers.Q_PANX_SYNCOPE == 'no'",BOOST_PANIC_SUDDEN_SAFE_V3 suppressor
ophtho_red_eye,CL_ORE_KERATITIS,NEG_KER_NO_CONTACT_V4,-6,"answers.Q_ORE_CONTACT == 'no'",NEG_KER_NO_CONTACT_V4 suppressor
ophtho_red_eye,CL_ORE_UVEITIS_GLAUCOMA,NEG_UVG_NO_PAIN_PHOTO_VIS_V4,-6,"answers.Q_ORE_PAIN == 'no' && answers.Q_ORE_PHOTOPHOBIA == 'no' && answers.Q_ORE_VISION_CHANGE == 'no'",NEG_UVG_NO_PAIN_PHOTO_VIS_V4 suppressor
ophtho_red_eye,CL_ORE_CONJUNCTIVITIS,BOOST_CONJ_PURULENT_NO_PAIN_V4,1,"answers.Q_ORE_DISCHARGE_PUS == 'yes' && answers.Q_ORE_PAIN == 'no'",BOOST_CONJ_PURULENT_NO_PAIN_V4 suppressor
ophtho_red_eye,CL_ORE_KERATITIS,BOOST_KER_CONTACT_ONLY_V4,1,"answers.Q_ORE_CONTACT == 'yes' && answers.Q_ORE_PAIN == 'no' && answers.Q_ORE_PHOTOPHOBIA == 'no' && answers.Q_ORE_VISION_CHANGE == 'no'",BOOST_KER_CONTACT_ONLY_V4 suppressor
psych_depression_suicidal_ideation,CL_PDEP_PSYCHOTIC_DEPRESSION,BOOST_PD_PSYCH_V4,1,"answers.Q_PDEP_PSYCHOSIS == 'yes'",BOOST_PD_PSYCH_V4 suppressor
psych_depression_suicidal_ideation,CL_PDEP_SUICIDE_RISK,BOOST_SR_SI_V4,3,"answers.Q_PDEP_SI == 'yes'",BOOST_SR_SI_V4 suppressor
psych_depression_suicidal_ideation,CL_PDEP_SUICIDE_RISK,BOOST_SR_INTENT_V4,3,"answers.Q_PDEP_INTENT == 'yes'",BOOST_SR_INTENT_V4 suppressor
psych_depression_suicidal_ideation,CL_PDEP_MAJOR_DEPRESSION,NEG_MD_SI_V4,-6,"answers.Q_PDEP_SI == 'yes'",NEG_MD_SI_V4 suppressor
gi_diarrhea,CL_DIARR_INVASIVE_BACTERIAL,BOOST_BACT_BLOOD_V1,2,"answers.Q_DIARR_BLOOD == 'yes'",BOOST_BACT_BLOOD_V1 suppressor
gi_diarrhea,CL_DIARR_VIRAL_GASTRO,NEG_VIRAL_BLOOD_V1,-2,"answers.Q_DIARR_BLOOD == 'yes'",NEG_VIRAL_BLOOD_V1 suppressor
pulm_chest_tightness,CL_PCT_ASTHMA,BOOST_ASTHMA_WHEEZE_V1,2,"answers.Q_PCT_WHEEZE == 'yes'",BOOST_ASTHMA_WHEEZE_V1 suppressor
pulm_chest_tightness,CL_PCT_PLEURISY,NEG_PLR_WHEEZE_V1,-2,"answers.Q_PCT_WHEEZE == 'yes'",NEG_PLR_WHEEZE_V1 suppressor
neuro_dizziness_vertigo,CL_DIZV_VESTIBULAR_NEURITIS,BOOST_VN_NEURODEF_V1,3,"answers.Q_DIZV_NEURODEF == 'yes'",BOOST_VN_NEURODEF_V1 suppressor
neuro_dizziness_vertigo,CL_DIZV_BPPV,NEG_BPPV_NEURODEF_V1,-3,"answers.Q_DIZV_NEURODEF == 'yes'",NEG_BPPV_NEURODEF_V1 suppressor
derm_rash,CL_DRSH_SJS_TEN,CSR_DRSH_SJS_1,2,"answers.Q_DRSH_NEW_MED == 'yes'",SJS new medication
derm_rash,CL_DRSH_SJS_TEN,CSR_DRSH_SJS_2,4,"answers.Q_DRSH_MUCOSAL == 'yes'",SJS mucosal involvement
derm_rash,CL_DRSH_SJS_TEN,CSR_DRSH_SJS_3,4,"answers.Q_DRSH_BLISTER == 'yes'",SJS blistering/peeling
derm_rash,CL_DRSH_SJS_TEN,CSR_DRSH_SJS_4,2,"answers.Q_DRSH_PAINFUL == 'yes'",SJS painful rash
derm_rash,CL_DRSH_SJS_TEN,NEG_SJS_NO_MUCOSAL_BLISTER,-6,"answers.Q_DRSH_MUCOSAL == 'no' && answers.Q_DRSH_BLISTER == 'no'",NEG no mucosal or blister
derm_rash,CL_DRSH_MENINGOCOCCEMIA,CSR_DRSH_MEN_1,2,"answers.Q_DRSH_FEVER == 'yes'",meningococcemia fever
derm_rash,CL_DRSH_MENINGOCOCCEMIA,CSR_DRSH_MEN_2,5,"answers.Q_DRSH_PURPLE == 'yes'",meningococcemia purpura
derm_rash,CL_DRSH_MENINGOCOCCEMIA,CSR_DRSH_MEN_3,3,"answers.Q_DRSH_MENINGITIS_SYMPTOMS == 'yes'",meningococcemia meningitis signs
derm_rash,CL_DRSH_MENINGOCOCCEMIA,CSR_DRSH_MEN_4,2,"answers.Q_DRSH_HYPOTENSION_LIKE == 'yes'",meningococcemia hypotension
derm_rash,CL_DRSH_MENINGOCOCCEMIA,NEG_MEN_NO_PURPLE,-6,"answers.Q_DRSH_PURPLE == 'no'",NEG no purpura
derm_rash,CL_DRSH_MENINGOCOCCEMIA,NEG_MEN_NO_FEVER,-3,"answers.Q_DRSH_FEVER == 'no'",NEG no fever for meningococcemia
derm_rash,CL_DRSH_VASCULITIC,CSR_DRSH_VASC_1,4,"answers.Q_DRSH_PURPLE == 'yes'",vasculitic purpura
derm_rash,CL_DRSH_VASCULITIC,CSR_DRSH_VASC_2,2,"answers.Q_DRSH_ARTHRALGIA == 'yes'",vasculitic arthralgia
derm_rash,CL_DRSH_VASCULITIC,NEG_VASC_MENING,-4,"answers.Q_DRSH_FEVER == 'yes' && answers.Q_DRSH_MENINGITIS_SYMPTOMS == 'yes'",NEG fever+meningitis favors meningococcemia
derm_rash,CL_DRSH_VASCULITIC,NEG_VASC_MUCOSAL_BLISTER,-4,"answers.Q_DRSH_MUCOSAL == 'yes' && answers.Q_DRSH_BLISTER == 'yes'",NEG mucosal+blister favors SJS
derm_rash,CL_DRSH_DRUG_EXANTHEM,CSR_DRSH_DRUG_1,3,"answers.Q_DRSH_NEW_MED == 'yes'",drug exanthem new medication
derm_rash,CL_DRSH_DRUG_EXANTHEM,CSR_DRSH_DRUG_2,1,"answers.Q_DRSH_FEVER == 'no'",drug exanthem afebrile
derm_rash,CL_DRSH_DRUG_EXANTHEM,NEG_DRUG_MUCOSAL_BLISTER,-6,"answers.Q_DRSH_MUCOSAL == 'yes' || answers.Q_DRSH_BLISTER == 'yes'",NEG mucosal/blister favors SJS
derm_rash,CL_DRSH_DRUG_EXANTHEM,NEG_DRUG_PURPLE,-4,"answers.Q_DRSH_PURPLE == 'yes'",NEG purpura favors vasculitic/meningococcemia
derm_rash,CL_DRSH_VIRAL_EXANTHEM,CSR_DRSH_VIR_1,2,"answers.Q_DRSH_FEVER == 'yes'",viral exanthem fever
derm_rash,CL_DRSH_VIRAL_EXANTHEM,CSR_DRSH_VIR_2,2,"answers.Q_DRSH_NEW_MED == 'no'",viral exanthem no new med
derm_rash,CL_DRSH_VIRAL_EXANTHEM,NEG_VIR_PURPLE,-6,"answers.Q_DRSH_PURPLE == 'yes'",NEG purpura
derm_rash,CL_DRSH_VIRAL_EXANTHEM,NEG_VIR_MUCOSAL_BLISTER,-6,"answers.Q_DRSH_MUCOSAL == 'yes' && answers.Q_DRSH_BLISTER == 'yes'",NEG mucosal+blister
derm_rash,CL_DRSH_TICKBORNE,CSR_DRSH_TICK_1,3,"answers.Q_DRSH_TICK_EXPOSURE == 'yes'",tickborne tick exposure
derm_rash,CL_DRSH_TICKBORNE,CSR_DRSH_TICK_2,2,"answers.Q_DRSH_FEVER == 'yes'",tickborne fever
derm_rash,CL_DRSH_TICKBORNE,NEG_TICK_MUCOSAL_BLISTER,-4,"answers.Q_DRSH_MUCOSAL == 'yes' && answers.Q_DRSH_BLISTER == 'yes'",NEG mucosal+blister
derm_rash,CL_DRSH_URTICARIA,CSR_DRSH_URT_1,1,"answers.Q_DRSH_PAINFUL == 'no' && answers.Q_DRSH_BLISTER == 'no'",urticaria benign
derm_rash,CL_DRSH_URTICARIA,NEG_URT_FEVER,-4,"answers.Q_DRSH_FEVER == 'yes'",NEG fever
derm_rash,CL_DRSH_URTICARIA,NEG_URT_MUCOSAL,-6,"answers.Q_DRSH_MUCOSAL == 'yes'",NEG mucosal
derm_rash,CL_DRSH_URTICARIA,NEG_URT_BLISTER,-6,"answers.Q_DRSH_BLISTER == 'yes'",NEG blister
derm_rash,CL_DRSH_URTICARIA,NEG_URT_PURPLE,-6,"answers.Q_DRSH_PURPLE == 'yes'",NEG purple
ent_sore_throat,CL_ENT_EPIGLOTTITIS_LIKE,CSR_ST_EPI_01,4,"answers.Q_ST_DROOL == 'yes'",Drooling (airway risk)
ent_sore_throat,CL_ENT_EPIGLOTTITIS_LIKE,CSR_ST_EPI_02,3,"answers.Q_ST_SOB == 'yes'",SOB/stridor (airway risk)
ent_sore_throat,CL_ENT_EPIGLOTTITIS_LIKE,CSR_ST_EPI_03,1,"answers.Q_ST_VACC_HIB == 'no'",Unvaccinated Hib
ent_sore_throat,CL_ENT_EPIGLOTTITIS_LIKE,CSR_ST_EPI_NEG_01,-6,"answers.Q_ST_DROOL != 'yes' && answers.Q_ST_SOB != 'yes'",No airway signs (suppressor)
ent_sore_throat,CL_ENT_PTA,CSR_ST_PTA_01,4,"answers.Q_ST_TRISMUS == 'yes'",Trismus/muffled voice
ent_sore_throat,CL_ENT_PTA,CSR_ST_PTA_02,3,"answers.Q_ST_UVULA_DEV == 'yes'",Uvula deviation
ent_sore_throat,CL_ENT_PTA,CSR_ST_PTA_03,1,"answers.Q_ST_FEVER == 'yes'",Fever with PTA signs
ent_sore_throat,CL_ENT_PTA,CSR_ST_PTA_NEG_01,-3,"answers.Q_ST_DROOL == 'yes' || answers.Q_ST_SOB == 'yes'",Airway signs (EPI suppressor)
ent_sore_throat,CL_ENT_STREP_LIKE,CSR_ST_STREP_01,2,"answers.Q_ST_FEVER == 'yes'",Fever (Centor)
ent_sore_throat,CL_ENT_STREP_LIKE,CSR_ST_STREP_02,2,"answers.Q_ST_COUGH == 'no'",No cough (Centor)
ent_sore_throat,CL_ENT_STREP_LIKE,CSR_ST_STREP_03,2,"answers.Q_ST_EXUDATE == 'yes'",Tonsillar exudate
ent_sore_throat,CL_ENT_STREP_LIKE,CSR_ST_STREP_04,1,"answers.Q_ST_TENDER_NODES == 'yes'",Tender cervical nodes
ent_sore_throat,CL_ENT_STREP_LIKE,CSR_ST_STREP_NEG_01,-2,"answers.Q_ST_MONO == 'yes'",Mono features (suppressor)
ent_sore_throat,CL_ENT_STREP_LIKE,CSR_ST_STREP_NEG_02,-4,"answers.Q_ST_TRISMUS == 'yes'",Trismus (PTA suppressor)
ent_sore_throat,CL_ENT_STREP_LIKE,CSR_ST_STREP_NEG_03,-2,"answers.Q_ST_COUGH == 'yes'",Cough present (viral marker)
ent_sore_throat,CL_ENT_MONO,CSR_ST_MONO_01,4,"answers.Q_ST_MONO == 'yes'",Fatigue/spleen history
ent_sore_throat,CL_ENT_MONO,CSR_ST_MONO_02,1,"answers.Q_ST_EXUDATE == 'yes'",Exudate in mono
ent_sore_throat,CL_ENT_MONO,CSR_ST_MONO_NEG_01,-1,"answers.Q_ST_COUGH == 'no' && answers.Q_ST_TENDER_NODES == 'yes'",Strep-like pattern (suppressor)
ent_sore_throat,CL_ENT_VIRAL_PHARYNGITIS,CSR_ST_VIR_01,2,"answers.Q_ST_COUGH == 'yes'",Cough present (viral marker)
ent_sore_throat,CL_ENT_VIRAL_PHARYNGITIS,CSR_ST_VIR_02,1,"answers.Q_ST_FEVER == 'no'",No fever
ent_sore_throat,CL_ENT_VIRAL_PHARYNGITIS,CSR_ST_VIR_NEG_01,-6,"answers.Q_ST_TRISMUS == 'yes' || answers.Q_ST_DROOL == 'yes' || answers.Q_ST_SOB == 'yes'",Danger signs (suppressor)
gu_flank_pain,CL_FLNK_NEPHROLITHIASIS,CSR_FLNK_STONE_01,2,"answers.Q_FLNK_HEMATURIA == 'yes'",Hematuria
gu_flank_pain,CL_FLNK_NEPHROLITHIASIS,CSR_FLNK_STONE_02,2,"answers.Q_FLNK_COLICKY == 'yes'",Colicky pain
gu_flank_pain,CL_FLNK_NEPHROLITHIASIS,CSR_FLNK_STONE_03,1,"answers.Q_FLNK_STONE_HX == 'yes'",Stone history
gu_flank_pain,CL_FLNK_NEPHROLITHIASIS,CSR_FLNK_STONE_04,1,"answers.Q_FLNK_FEVER == 'no'",No fever (simple stone)
gu_flank_pain,CL_FLNK_NEPHROLITHIASIS,CSR_FLNK_STONE_NEG_01,-4,"answers.Q_FLNK_FEVER == 'yes'",Fever (infection suppressor)
gu_flank_pain,CL_FLNK_PYELONEPHRITIS,CSR_FLNK_PYELO_01,3,"answers.Q_FLNK_FEVER == 'yes'",Fever
gu_flank_pain,CL_FLNK_PYELONEPHRITIS,CSR_FLNK_PYELO_02,2,"answers.Q_FLNK_URINARY == 'yes'",Urinary symptoms
gu_flank_pain,CL_FLNK_PYELONEPHRITIS,CSR_FLNK_PYELO_03,2,"answers.Q_FLNK_CVA == 'yes'",CVA tenderness
gu_flank_pain,CL_FLNK_PYELONEPHRITIS,CSR_FLNK_PYELO_04,1,"answers.Q_FLNK_RIGORS == 'yes'",Rigors
gu_flank_pain,CL_FLNK_PYELONEPHRITIS,CSR_FLNK_PYELO_05,1,"answers.Q_FLNK_IMMUNO == 'yes'",Immunocompromised
gu_flank_pain,CL_FLNK_PYELONEPHRITIS,CSR_FLNK_PYELO_NEG_01,-3,"answers.Q_FLNK_TRAUMA == 'yes'",Trauma (MSK suppressor)
gu_flank_pain,CL_FLNK_INFECTED_OBSTRUCTING_STONE,CSR_FLNK_IOS_01,3,"answers.Q_FLNK_FEVER == 'yes'",Fever
gu_flank_pain,CL_FLNK_INFECTED_OBSTRUCTING_STONE,CSR_FLNK_IOS_02,2,"answers.Q_FLNK_HEMATURIA == 'yes' || answers.Q_FLNK_COLICKY == 'yes' || answers.Q_FLNK_STONE_HX == 'yes'",Stone features
gu_flank_pain,CL_FLNK_INFECTED_OBSTRUCTING_STONE,CSR_FLNK_IOS_03,1,"answers.Q_FLNK_UNABLE_PO == 'yes' || answers.Q_FLNK_VOMIT == 'yes'",Systemic: unable PO or vomiting
gu_flank_pain,CL_FLNK_INFECTED_OBSTRUCTING_STONE,CSR_FLNK_IOS_04,1,"answers.Q_FLNK_RIGORS == 'yes'",Rigors
gu_flank_pain,CL_FLNK_INFECTED_OBSTRUCTING_STONE,CSR_FLNK_IOS_05,1,"answers.Q_FLNK_CVA == 'yes'",CVA tenderness
gu_flank_pain,CL_FLNK_INFECTED_OBSTRUCTING_STONE,CSR_FLNK_IOS_NEG_01,-6,"answers.Q_FLNK_FEVER != 'yes'",No fever (suppressor)
gu_flank_pain,CL_FLNK_MSK,CSR_FLNK_MSK_01,2,"answers.Q_FLNK_TRAUMA == 'yes'",Trauma
gu_flank_pain,CL_FLNK_MSK,CSR_FLNK_MSK_02,2,"answers.Q_FLNK_HEMATURIA != 'yes' && answers.Q_FLNK_URINARY != 'yes' && answers.Q_FLNK_FEVER != 'yes'",No renal/infection signs
gu_flank_pain,CL_FLNK_MSK,CSR_FLNK_MSK_NEG_01,-2,"answers.Q_FLNK_CVA == 'yes'",CVA tenderness (renal suppressor)
