CC_ID,VERSION,Q_ID,ASK_ORDER,QUESTION_TEXT,ANSWER_TYPE,REQUIRED,ASK_IF,CATEGORY
sore_throat,1,Q_FEVER,10,Any fever or feeling feverish?,tri,TRUE,true,centor
sore_throat,1,Q_COUGH,20,Also have a cough?,tri,TRUE,true,centor
sore_throat,1,Q_TONSILLAR_EXUDATE,30,Have you noticed any white patches or pus on your tonsils?,tri,TRUE,true,centor
sore_throat,1,Q_TENDER_ANT_CERV_NODES,40,Tender or swollen glands in the front of your neck?,tri,TRUE,true,centor
sore_throat,1,Q_DURATION_DAYS,50,How many days have you had the sore throat?,number,TRUE,true,history
sore_throat,1,Q_SHORTNESS_OF_BREATH,60,Any trouble breathing?,tri,TRUE,true,safety
sore_throat,1,Q_UNABLE_TO_SWALLOW_SALIVA,70,Having trouble swallowing your own saliva?,tri,TRUE,true,safety
sore_throat,1,Q_STRIDOR,80,Do you hear a high-pitched noise when you breathe?,tri,TRUE,true,safety
sore_throat,1,Q_MUFFLED_VOICE,90,Has your voice become muffled or changed (hot potato voice)?,tri,TRUE,true,safety
sore_throat,1,Q_TRISMUS,100,Any trouble opening your mouth all the way?,tri,TRUE,true,safety
sore_throat,1,Q_DROOLING,110,Drooling or trouble controlling your saliva?,tri,TRUE,true,safety
sore_throat,1,Q_NECK_SWELLING,120,Do you have any swelling in your neck?,tri,TRUE,true,safety
sore_throat,1,Q_RASH,130,Do you have a rash anywhere on your body?,tri,FALSE,true,associated
sore_throat,1,Q_RECENT_ANTIBIOTICS,140,Have you taken antibiotics in the last 2 weeks?,tri,FALSE,true,history
sore_throat,1,Q_RECURRENT_STREP,150,Have you had strep throat more than 3 times in the past year?,tri,FALSE,true,history
sore_throat,1,Q_WEIGHT_LOSS,160,Have you had unintentional weight loss recently?,tri,FALSE,answers.Q_DURATION_DAYS >= 14,associated
sore_throat,1,Q_NIGHT_SWEATS,170,Have you been having night sweats?,tri,FALSE,answers.Q_DURATION_DAYS >= 14,associated
earache,1,Q_EA_FEVER,10,Do you have a fever?,tri,TRUE,true,safety
earache,1,Q_EA_TRAGUS_TENDER,20,Does it hurt when you press on the small flap in front of your ear or pull on your earlobe?,tri,TRUE,true,exam
earache,1,Q_EA_SWIM,30,Have you been swimming or had water in your ear recently?,tri,TRUE,true,history
earache,1,Q_EA_QTIP,40,Have you been using Q-tips or putting anything in your ear canal?,tri,TRUE,true,history
earache,1,Q_EA_URI,50,Have you had cold symptoms like a runny nose or congestion recently?,tri,TRUE,true,history
earache,1,Q_EA_HEARING_LOSS,60,Have you noticed any hearing loss or muffled hearing?,tri,TRUE,true,associated
earache,1,Q_EA_DRAINAGE,70,Is there any fluid or discharge draining from your ear?,tri,TRUE,true,associated
earache,1,Q_EA_JAW_PAIN,80,Do you have pain in your jaw or around the jaw joint?,tri,TRUE,true,tmj
earache,1,Q_EA_CHEWING_WORSE,90,Does the pain get worse when you chew or open your mouth wide?,tri,TRUE,true,tmj
earache,1,Q_EA_BLOCKED_EAR,100,Does your ear feel blocked or plugged up?,tri,TRUE,true,associated
earache,1,Q_EA_MASTOID_PAIN,110,Do you have pain or tenderness behind your ear on the bony area?,tri,TRUE,true,safety
earache,1,Q_EA_SEVERE_PAIN,120,Would you rate your ear pain as severe (7 or higher out of 10)?,tri,TRUE,true,severity
earache,1,Q_EA_FACIAL_WEAKNESS,130,Have you noticed any weakness or drooping on one side of your face?,tri,TRUE,true,safety
earache,1,Q_EA_NEURO,140,Do you have any dizziness/vertigo/balance problems or sudden hearing loss?,tri,TRUE,true,safety
earache,1,Q_EA_TRAUMA,150,Have you had any injury or trauma to your ear recently?,tri,TRUE,true,safety
earache,1,Q_EA_NECK_SWELLING,160,Do you have any swelling in your neck or under your jaw?,tri,TRUE,true,safety
earache,1,Q_EA_SOUR_PAIN,170,Do you get a sour or sharp pain in your cheek area when eating?,tri,FALSE,true,salivary
persistent_cough,1,Q_COUGH_DUR,10,How many weeks have you had this cough?,number,TRUE,true,duration
persistent_cough,1,Q_COUGH_FEVER,20,Do you have a fever?,tri,TRUE,true,safety
persistent_cough,1,Q_COUGH_SOB,30,Do you have shortness of breath?,tri,TRUE,true,safety
persistent_cough,1,Q_COUGH_CP,40,Do you have chest pain?,tri,TRUE,true,safety
persistent_cough,1,Q_COUGH_HEMOP,50,Have you coughed up any blood?,tri,TRUE,true,safety
persistent_cough,1,Q_COUGH_O2LOW,60,Have you been told your oxygen level is low or do you have a pulse oximeter reading below 94%?,tri,TRUE,true,safety
persistent_cough,1,Q_COUGH_LEG_SWELL,70,Do you have any leg swelling or calf pain?,tri,TRUE,true,pe_risk
persistent_cough,1,Q_COUGH_RECENT_SX,80,Have you had any recent surgery or been immobile for an extended period?,tri,TRUE,true,pe_risk
persistent_cough,1,Q_COUGH_WHEEZE,90,Do you have wheezing?,tri,TRUE,true,asthma
persistent_cough,1,Q_COUGH_ASTHMA,100,Have you been diagnosed with asthma?,tri,TRUE,true,history
persistent_cough,1,Q_COUGH_COPD,110,Have you been diagnosed with COPD or emphysema?,tri,TRUE,true,history
persistent_cough,1,Q_COUGH_PND,120,"Do you have post-nasal drip, frequent throat clearing, or a drip sensation in the back of your throat?",tri,TRUE,true,history
persistent_cough,1,Q_COUGH_GERD,130,"Do you have heartburn, acid reflux, or does your cough get worse when lying down or after meals?",tri,TRUE,true,history
chest_pain,1,Q_CP_EXERTIONAL,10,Does it come on with activity or exertion?,tri,TRUE,true,cardiac
chest_pain,1,Q_CP_RADIATES,20,"Spreads to your arm, jaw, neck, or between shoulder blades?",tri,TRUE,true,cardiac
chest_pain,1,Q_CP_DIAPHORESIS,30,Sweating or clammy with it?,tri,TRUE,true,cardiac
chest_pain,1,Q_CP_SOB,40,Do you have shortness of breath?,tri,TRUE,true,safety
chest_pain,1,Q_CP_SYNCOPE,50,Fainted or nearly passed out?,tri,TRUE,true,safety
chest_pain,1,Q_CP_PALPITATIONS,60,Heart racing or palpitations?,tri,TRUE,true,cardiac
chest_pain,1,Q_CP_REPRODUCIBLE,70,Worse when you press on your chest?,tri,TRUE,true,msk
chest_pain,1,Q_CP_PLEURITIC,80,Worse with a deep breath?,tri,TRUE,true,pleuritic
chest_pain,1,Q_CP_CALF_SWELL,90,Do you have any calf swelling or leg pain?,tri,TRUE,true,pe_risk
chest_pain,1,Q_CP_IMMOBILITY,100,Recent surgery or prolonged immobility?,tri,TRUE,true,pe_risk
chest_pain,1,Q_CP_TEARING,110,Came on suddenly with a tearing sensation into your back?,tri,TRUE,true,dissection
chest_pain,1,Q_CP_NEURO,120,Any vision changes or limb weakness?,tri,TRUE,true,dissection
chest_pain,1,Q_CP_WORSE_FLAT,130,"Worse lying flat, better leaning forward?",tri,TRUE,true,pericarditis
chest_pain,1,Q_CP_RECENT_VIRAL,140,Had a cold or viral illness in the last 1-2 weeks?,tri,TRUE,true,pericarditis
chest_pain,1,Q_CP_FEVER,150,Do you have a fever?,tri,TRUE,true,safety
chest_pain,1,Q_CP_COUGH,160,Do you have a cough?,tri,TRUE,true,associated
chest_pain,1,Q_CP_ANTACID_RELIEF,170,Does the pain improve with antacids?,tri,TRUE,true,gerd
chest_pain,1,Q_CP_BURNING,180,Is the pain a burning sensation related to meals?,tri,TRUE,true,gerd
chest_pain,1,Q_CP_HTN_SYMPTOMS,190,Severe headache or vision changes along with the chest pain?,tri,TRUE,true,htn
chest_pain,1,Q_CP_STRESS_TRIGGER,200,Did the pain come on during a period of stress or anxiety?,tri,FALSE,true,psych
chest_pain,1,Q_CP_TINGLING,210,Do you have tingling in your hands or around your mouth?,tri,FALSE,true,psych
dizziness,1,Q_DZ_SPINNING,10,Does the room feel like it is spinning around you?,tri,TRUE,true,type
dizziness,1,Q_DZ_POSITIONAL,20,Does the dizziness come on when you turn your head or change position?,tri,TRUE,true,type
dizziness,1,Q_DZ_BRIEF,30,Do the episodes last less than a minute each?,tri,TRUE,true,duration
dizziness,1,Q_DZ_PROLONGED,40,Has the dizziness been constant or lasting hours to days?,tri,TRUE,true,duration
dizziness,1,Q_DZ_FOCAL_NEURO,50,"Do you have any new weakness, numbness, or tingling on one side of your body?",tri,TRUE,true,safety
dizziness,1,Q_DZ_FACIAL_DROOP,60,Have you noticed any drooping on one side of your face?,tri,TRUE,true,safety
dizziness,1,Q_DZ_SPEECH,70,Are you having any trouble speaking or understanding speech?,tri,TRUE,true,safety
dizziness,1,Q_DZ_DIPLOPIA,80,Are you seeing double or having vision changes?,tri,TRUE,true,safety
dizziness,1,Q_DZ_GAIT,90,Are you having trouble walking or keeping your balance?,tri,TRUE,true,safety
dizziness,1,Q_DZ_STANDS_WORSE,100,Does the dizziness get worse when you stand up from sitting or lying down?,tri,TRUE,true,orthostatic
dizziness,1,Q_DZ_SYNCOPE,110,Have you fainted or nearly fainted?,tri,TRUE,true,safety
dizziness,1,Q_DZ_PALPITATIONS,120,Are you feeling your heart racing or having palpitations?,tri,TRUE,true,cardiac
dizziness,1,Q_DZ_HEADACHE,130,Do you have a severe or sudden headache?,tri,TRUE,true,safety
dizziness,1,Q_DZ_NECK_STIFF,140,Do you have neck stiffness?,tri,TRUE,true,safety
dizziness,1,Q_DZ_MELENA,150,Have you noticed any dark or bloody stools?,tri,TRUE,true,bleeding
dizziness,1,Q_DZ_RECENT_VIRAL,160,Have you had a recent cold or viral illness?,tri,TRUE,true,history
dizziness,1,Q_DZ_NEW_MED,170,Have you recently started a new medication?,tri,TRUE,true,medication
dizziness,1,Q_DZ_DIABETIC,180,Do you have diabetes or take diabetes medications?,tri,TRUE,true,metabolic
dizziness,1,Q_DZ_SWEATING,190,Are you sweating or trembling along with the dizziness?,tri,TRUE,true,metabolic
dizziness,1,Q_DZ_POOR_INTAKE,200,Have you had poor oral intake or diarrhea/vomiting recently?,tri,TRUE,true,dehydration
abdominal_pain,1,Q_AP_FEVER,10,Do you have a fever?,tri,TRUE,true,safety
abdominal_pain,1,Q_AP_NAUSEA,20,Do you have nausea?,tri,TRUE,true,associated
abdominal_pain,1,Q_AP_VOMITING,30,Have you been vomiting?,tri,TRUE,true,associated
abdominal_pain,1,Q_AP_DIARRHEA,40,Do you have diarrhea?,tri,TRUE,true,associated
abdominal_pain,1,Q_AP_CONSTIPATION,50,Are you constipated or unable to pass gas?,tri,TRUE,true,associated
abdominal_pain,1,Q_AP_BLOODY_STOOL,60,Have you noticed any blood in your stool or black tarry stools?,tri,TRUE,true,safety
abdominal_pain,1,Q_AP_HEMATEMESIS,70,Have you vomited any blood or material that looks like coffee grounds?,tri,TRUE,true,safety
abdominal_pain,1,Q_AP_RLQ,80,Is your pain mainly in the lower right side of your abdomen?,tri,TRUE,true,location
abdominal_pain,1,Q_AP_RUQ,90,Is your pain mainly in the upper right side of your abdomen?,tri,TRUE,true,location
abdominal_pain,1,Q_AP_LLQ,100,Is your pain mainly in the lower left side of your abdomen?,tri,TRUE,true,location
abdominal_pain,1,Q_AP_EPIGASTRIC,110,Is your pain mainly in the upper middle area of your abdomen?,tri,TRUE,true,location
abdominal_pain,1,Q_AP_FATTY_TRIGGER,120,Does the pain get worse after eating fatty or greasy foods?,tri,TRUE,true,gallbladder
abdominal_pain,1,Q_AP_BACK_RADIATION,130,Does the pain radiate to your back?,tri,TRUE,true,pancreatitis
abdominal_pain,1,Q_AP_MISSED_PERIOD,140,Have you missed a menstrual period or could you be pregnant?,tri,TRUE,true,pregnancy
abdominal_pain,1,Q_AP_FLANK_GROIN,150,Does the pain go from your flank or side down to your groin?,tri,TRUE,true,renal
abdominal_pain,1,Q_AP_HEMATURIA,160,Have you noticed any blood in your urine?,tri,TRUE,true,renal
abdominal_pain,1,Q_AP_HYPOTENSION,170,Do you feel faint/lightheaded or have you been told your blood pressure is low?,tri,TRUE,true,safety
abdominal_pain,1,Q_AP_POSTPRANDIAL,180,Does the pain come on after eating?,tri,TRUE,true,vascular
abdominal_pain,1,Q_AP_AFIB,190,Do you have atrial fibrillation or an irregular heartbeat?,tri,TRUE,true,vascular
gu_uti_symptoms,1,Q_UTI_DYSURIA,10,Pain or burning when you urinate?,tri,TRUE,true,core
gu_uti_symptoms,1,Q_UTI_FREQUENCY,20,Urinating more often than usual?,tri,TRUE,true,core
gu_uti_symptoms,1,Q_UTI_URGENCY,30,Strong urgent need to urinate?,tri,TRUE,true,core
gu_uti_symptoms,1,Q_UTI_FLANK_PAIN,40,Any pain in your side or lower back?,tri,TRUE,true,safety
gu_uti_symptoms,1,Q_UTI_FEVER,50,Any fever?,tri,TRUE,true,safety
gu_uti_symptoms,1,Q_UTI_CHILLS,60,Any chills or shaking chills?,tri,TRUE,true,safety
gu_uti_symptoms,1,Q_UTI_NAUSEA,70,Any nausea?,tri,TRUE,true,associated
gu_uti_symptoms,1,Q_UTI_VOMITING,80,Any vomiting?,tri,TRUE,true,associated
gu_uti_symptoms,1,Q_UTI_CONFUSION,90,Are you feeling confused or having trouble thinking clearly?,tri,TRUE,true,safety
gu_uti_symptoms,1,Q_UTI_WEAKNESS,100,Feeling unusually weak or tired?,tri,TRUE,true,safety
gu_uti_symptoms,1,Q_UTI_PREGNANT,110,Pregnant or could you be?,tri,TRUE,true,pregnancy
gu_uti_symptoms,1,Q_UTI_MALE,120,Are you male?,tri,TRUE,true,demographics
gu_uti_symptoms,1,Q_UTI_IMMUNOCOMPROMISED,130,Any immune problems or meds that lower your immune system?,tri,TRUE,true,safety
gu_uti_symptoms,1,Q_UTI_GROSS_HEMATURIA,140,Any blood in your urine?,tri,TRUE,true,safety
gu_uti_symptoms,1,Q_UTI_CLOTS,150,Any blood clots in your urine?,tri,TRUE,true,safety
gu_uti_symptoms,1,Q_UTI_RETENTION,160,Trouble emptying your bladder?,tri,TRUE,true,safety
gu_uti_symptoms,1,Q_UTI_COLICKY_PAIN,170,Any severe cramping pain in your side?,tri,TRUE,true,renal
gu_uti_symptoms,1,Q_UTI_GROIN_RADIATION,180,Pain radiating down toward your groin?,tri,TRUE,true,renal
gu_uti_symptoms,1,Q_UTI_DISCHARGE,190,Any discharge from your urethra or genitals?,tri,TRUE,true,sti
gu_uti_symptoms,1,Q_UTI_NEW_PARTNER,200,Have you had a new sexual partner recently?,tri,FALSE,true,sti
gu_uti_symptoms,1,Q_UTI_GENITAL_LESIONS,210,Do you have any sores or lesions on your genitals?,tri,FALSE,true,sti
gu_testicular_pain_prostatitis,1,Q_TP_SUDDEN_ONSET,10,Did the pain come on suddenly?,tri,TRUE,true,onset
gu_testicular_pain_prostatitis,1,Q_TP_SEVERE_PAIN,20,Would you rate your pain as severe (7 or higher out of 10)?,tri,TRUE,true,severity
gu_testicular_pain_prostatitis,1,Q_TP_UNILATERAL,30,Is the pain on one side only?,tri,TRUE,true,location
gu_testicular_pain_prostatitis,1,Q_TP_HIGH_RIDING,40,Does one testicle appear higher than normal or rotated?,tri,TRUE,true,torsion
gu_testicular_pain_prostatitis,1,Q_TP_NAUSEA,50,Do you have nausea?,tri,TRUE,true,associated
gu_testicular_pain_prostatitis,1,Q_TP_VOMITING,60,Have you been vomiting?,tri,TRUE,true,associated
gu_testicular_pain_prostatitis,1,Q_TP_DYSURIA,70,Do you have pain or burning when you urinate?,tri,TRUE,true,urinary
gu_testicular_pain_prostatitis,1,Q_TP_DISCHARGE,80,Do you have any urethral discharge?,tri,TRUE,true,sti
gu_testicular_pain_prostatitis,1,Q_TP_NEW_PARTNER,90,Have you had a new sexual partner recently?,tri,FALSE,true,sti
gu_testicular_pain_prostatitis,1,Q_TP_OLDER_AGE,100,Are you over 40 years old?,tri,TRUE,true,demographics
gu_testicular_pain_prostatitis,1,Q_TP_URINARY_SX,110,Do you have urinary frequency or urgency?,tri,TRUE,true,urinary
gu_testicular_pain_prostatitis,1,Q_TP_PERINEAL_PAIN,120,Do you have pain in the area between your scrotum and rectum (perineum)?,tri,TRUE,true,prostatitis
gu_testicular_pain_prostatitis,1,Q_TP_FEVER,130,Do you have a fever?,tri,TRUE,true,safety
gu_testicular_pain_prostatitis,1,Q_TP_SKIN_CHANGES,140,Do you notice any skin discoloration or changes on the scrotum?,tri,TRUE,true,safety
gu_testicular_pain_prostatitis,1,Q_TP_CREPITUS,150,Do you feel any crackling or air under the skin?,tri,TRUE,true,safety
gu_testicular_pain_prostatitis,1,Q_TP_GROIN_BULGE,160,Do you have a bulge or lump in your groin area?,tri,TRUE,true,hernia
gu_testicular_pain_prostatitis,1,Q_TP_OBSTRUCTION_SX,170,Do you have symptoms of bowel obstruction such as inability to pass gas or severe bloating?,tri,TRUE,true,hernia
gu_testicular_pain_prostatitis,1,Q_TP_RETENTION,180,Are you having difficulty urinating or unable to empty your bladder?,tri,TRUE,true,urinary
gu_testicular_pain_prostatitis,1,Q_TP_TRAUMA,190,Have you had any injury or trauma to the groin or testicle?,tri,TRUE,true,trauma
gu_testicular_pain_prostatitis,1,Q_TP_SWELLING,200,Do you have significant swelling of the scrotum or testicle?,tri,TRUE,true,associated
gu_testicular_pain_prostatitis,1,Q_TP_CHRONIC,210,Has this pain been going on for weeks or months?,tri,TRUE,true,duration
gu_testicular_pain_prostatitis,1,Q_TP_WORSE_STANDING,220,Does the pain get worse when standing for long periods?,tri,TRUE,true,varicocele
gu_testicular_pain_prostatitis,1,Q_TP_FLANK_GROIN,230,Does the pain go from your flank or side down to your groin?,tri,TRUE,true,renal
gu_testicular_pain_prostatitis,1,Q_TP_HEMATURIA,240,Have you noticed any blood in your urine?,tri,TRUE,true,renal
gyn_pelvic_pain,1,Q_PP_PELVIC_PAIN,10,Do you have pain in your lower abdomen or pelvic area?,tri,TRUE,true,core
gyn_pelvic_pain,1,Q_PP_PREGNANT,20,Are you pregnant or could you possibly be pregnant?,tri,TRUE,true,pregnancy
gyn_pelvic_pain,1,Q_PP_MISSED_PERIOD,30,Have you missed a menstrual period?,tri,TRUE,true,pregnancy
gyn_pelvic_pain,1,Q_PP_VAGINAL_BLEEDING,40,Do you have any vaginal bleeding that is not your normal period?,tri,TRUE,true,safety
gyn_pelvic_pain,1,Q_PP_DIZZINESS,50,Do you feel dizzy or lightheaded?,tri,TRUE,true,safety
gyn_pelvic_pain,1,Q_PP_SUDDEN_ONSET,60,Did the pain come on suddenly?,tri,TRUE,true,onset
gyn_pelvic_pain,1,Q_PP_SEVERE_UNILATERAL,70,Is the pain severe and on one side only?,tri,TRUE,true,torsion
gyn_pelvic_pain,1,Q_PP_NAUSEA,80,Do you have nausea?,tri,TRUE,true,associated
gyn_pelvic_pain,1,Q_PP_VOMITING,90,Have you been vomiting?,tri,TRUE,true,associated
gyn_pelvic_pain,1,Q_PP_FEVER,100,Do you have a fever?,tri,TRUE,true,safety
gyn_pelvic_pain,1,Q_PP_DISCHARGE,110,Do you have any abnormal vaginal discharge?,tri,TRUE,true,infection
gyn_pelvic_pain,1,Q_PP_STI_RISK,120,Do you have any STI risk factors such as new or multiple sexual partners?,tri,FALSE,true,infection
gyn_pelvic_pain,1,Q_PP_AFTER_ACTIVITY,130,Did the pain start during or after physical activity or sexual intercourse?,tri,TRUE,true,cyst
gyn_pelvic_pain,1,Q_PP_RESOLVING,140,Has the pain been improving or getting better on its own?,tri,TRUE,true,cyst
gyn_pelvic_pain,1,Q_PP_CYCLICAL,150,Does the pain come and go with your menstrual cycle?,tri,TRUE,true,chronic
gyn_pelvic_pain,1,Q_PP_MENSES_RELATED,160,Does the pain get worse during your menstrual period?,tri,TRUE,true,chronic
gyn_pelvic_pain,1,Q_PP_HEAVY_BLEEDING,170,Do you have unusually heavy menstrual bleeding?,tri,TRUE,true,fibroids
gyn_pelvic_pain,1,Q_PP_PELVIC_PRESSURE,180,Do you feel a sensation of pressure or fullness in your pelvis?,tri,TRUE,true,fibroids
gyn_pelvic_pain,1,Q_PP_DYSURIA,190,Do you have pain or burning when you urinate?,tri,TRUE,true,urinary
gyn_pelvic_pain,1,Q_PP_FREQUENCY,200,Are you urinating more frequently than usual?,tri,TRUE,true,urinary
gyn_pelvic_pain,1,Q_PP_RLQ_PAIN,210,Is your pain mainly in the lower right side of your abdomen?,tri,TRUE,true,location
gyn_pelvic_pain,1,Q_PP_ANOREXIA,220,Have you lost your appetite?,tri,TRUE,true,associated
gyn_pelvic_pain,1,Q_PP_CONFUSION,230,Are you feeling confused or having trouble thinking clearly?,tri,TRUE,true,safety
gyn_pelvic_pain,1,Q_PP_HYPOTENSION,240,Do you feel faint or have you been told your blood pressure is low?,tri,TRUE,true,safety
ent_sinus_pressure,1,Q_SINUS_DUR,10,How many days has this been going on?,number,TRUE,true,triage
ent_sinus_pressure,1,Q_SINUS_FEVER,20,Any fever with it?,tri,TRUE,true,triage
ent_sinus_pressure,1,Q_SINUS_PURULENT,30,"Is the mucus thick, yellow, or green?",tri,TRUE,true,cluster
ent_sinus_pressure,1,Q_SINUS_WORSE_AFTER_IMPROVE,40,Started getting better then got worse again?,tri,TRUE,true,cluster
ent_sinus_pressure,1,Q_SINUS_SEVERE_FACIAL,50,Any severe pain or pressure in your face?,tri,TRUE,true,cluster
ent_sinus_pressure,1,Q_EYE_SWELL,60,Any swelling around your eye?,tri,TRUE,true,danger
ent_sinus_pressure,1,Q_VISION_CHANGES,70,Any vision changes?,tri,TRUE,true,danger
ent_sinus_pressure,1,Q_SINUS_HEADACHE_SEVERE,80,Any severe headache — different from usual sinus pressure?,tri,TRUE,true,danger
ent_sinus_pressure,1,Q_NECK_STIFF,90,Any stiff neck?,tri,TRUE,true,danger
ent_sinus_pressure,1,Q_CONFUSION,100,Any confusion or trouble thinking clearly?,tri,TRUE,true,danger
ent_sinus_pressure,1,Q_IMMUNO,110,Any immune problems or meds that suppress your immune system?,tri,TRUE,true,modifier
ent_sore_throat,1,Q_ST_DUR,10,How many days?,number,TRUE,true,triage
ent_sore_throat,1,Q_ST_FEVER,20,Fever?,tri,TRUE,true,triage
ent_sore_throat,1,Q_ST_COUGH,30,Cough present?,tri,TRUE,true,cluster
ent_sore_throat,1,Q_ST_EXUDATE,40,White spots/exudate on tonsils?,tri,TRUE,true,cluster
ent_sore_throat,1,Q_ST_TENDER_NODES,50,Tender neck nodes?,tri,TRUE,true,cluster
ent_sore_throat,1,Q_ST_TRISMUS,60,Trouble opening mouth (trismus) or muffled hot potato voice?,tri,TRUE,true,danger
ent_sore_throat,1,Q_ST_DROOL,70,Drooling or trouble swallowing saliva?,tri,TRUE,true,danger
ent_sore_throat,1,Q_ST_SOB,80,Shortness of breath or stridor?,tri,TRUE,true,danger
ent_sore_throat,1,Q_ST_RASH,90,Rash (sandpaper-like) or strawberry tongue?,tri,TRUE,true,cluster
ent_sore_throat,1,Q_ST_MONO,100,Extreme fatigue or enlarged spleen history?,tri,TRUE,true,cluster
ent_ear_pain,1,Q_EAR_DUR,10,How many days?,number,TRUE,true,triage
ent_ear_pain,1,Q_EAR_FEVER,20,Fever?,tri,TRUE,true,triage
ent_ear_pain,1,Q_EAR_DRAIN,30,Drainage from ear?,tri,TRUE,true,cluster
ent_ear_pain,1,Q_EAR_HEARING,40,Hearing loss or fullness?,tri,TRUE,true,cluster
ent_ear_pain,1,Q_EAR_SWIM,50,Recent swimming or water exposure?,tri,TRUE,true,cluster
ent_ear_pain,1,Q_EAR_PAIN_PINNA,60,Pain when pulling the outer ear or pressing tragus?,tri,TRUE,true,cluster
ent_ear_pain,1,Q_EAR_MASTOID,70,Pain/redness/swelling behind the ear (mastoid area)?,tri,TRUE,true,danger
ent_ear_pain,1,Q_EAR_VERTIGO,80,Severe vertigo or neurologic symptoms?,tri,TRUE,true,danger
ent_nasal_congestion,1,Q_NC_DUR,10,How many days?,number,TRUE,true,triage
ent_nasal_congestion,1,Q_NC_FEVER,20,Fever?,tri,TRUE,true,triage
ent_nasal_congestion,1,Q_NC_ITCH,30,Itchy eyes/nose or sneezing fits?,tri,TRUE,true,cluster
ent_nasal_congestion,1,Q_NC_WATERY,40,Clear watery runny nose?,tri,TRUE,true,cluster
ent_nasal_congestion,1,Q_NC_PURULENT,50,Thick colored discharge?,tri,TRUE,true,cluster
ent_nasal_congestion,1,Q_NC_FACIAL,60,Facial pain/pressure?,tri,TRUE,true,cluster
ent_nasal_congestion,1,Q_NC_SOB,70,Trouble breathing (not just stuffy nose)?,tri,TRUE,true,danger
ent_nasal_congestion,1,Q_NC_INFANT,80,Age under 3 months?,tri,TRUE,true,danger
ent_epistaxis,1,Q_EPIX_ACTIVE,10,Is it actively bleeding right now?,tri,TRUE,true,triage
ent_epistaxis,1,Q_EPIX_DURATION,20,How long has this bleeding episode lasted (minutes)?,number,TRUE,true,triage
ent_epistaxis,1,Q_EPIX_HEAVY,30,Heavy bleeding (soaking tissues rapidly) or feeling faint?,tri,TRUE,true,danger
ent_epistaxis,1,Q_EPIX_TRAUMA,40,Any recent trauma to nose/face?,tri,TRUE,true,cluster
ent_epistaxis,1,Q_EPIX_BLOOD_THINNER,50,On blood thinners (warfarin/DOAC) or bleeding disorder?,tri,TRUE,true,modifier
ent_epistaxis,1,Q_EPIX_RECURRENT,60,Recurrent episodes recently?,tri,TRUE,true,cluster
pulm_cough,1,Q_PCO_DUR,10,How long has the cough been present (days)?,number,TRUE,true,triage
pulm_cough,1,Q_PCO_FEVER,20,Fever or chills?,tri,TRUE,true,triage
pulm_cough,1,Q_PCO_SOB,30,Shortness of breath?,tri,TRUE,true,danger
pulm_cough,1,Q_PCO_CP,40,Chest pain (especially with breathing)?,tri,TRUE,true,danger
pulm_cough,1,Q_PCO_WHEEZE,50,Wheezing?,tri,TRUE,true,cluster
pulm_cough,1,Q_PCO_BLOOD,60,Coughing up blood?,tri,TRUE,true,danger
pulm_cough,1,Q_PCO_LEG_SWELLING,70,New leg swelling/pain or recent immobilization/long travel?,tri,TRUE,true,danger
pulm_cough,1,Q_PCO_IMMUNO,80,Immunocompromised?,tri,TRUE,true,modifier
pulm_cough,1,Q_PCO_SMOKE,90,Smoker or vaping?,tri,TRUE,true,modifier
pulm_cough,1,Q_PCO_NIGHT,100,Worse at night or with exercise?,tri,TRUE,true,cluster
pulm_shortness_of_breath,1,Q_SOB_ONSET,10,Sudden onset or gradual?,tri,TRUE,true,triage
pulm_shortness_of_breath,1,Q_SOB_REST,20,Shortness of breath at rest?,tri,TRUE,true,danger
pulm_shortness_of_breath,1,Q_SOB_CP,30,Chest pain or pressure?,tri,TRUE,true,danger
pulm_shortness_of_breath,1,Q_SOB_WHEEZE,40,Wheezing?,tri,TRUE,true,cluster
pulm_shortness_of_breath,1,Q_SOB_FEVER,50,Fever?,tri,TRUE,true,cluster
pulm_shortness_of_breath,1,Q_SOB_CYANOSIS,60,Blue lips or severe difficulty speaking full sentences?,tri,TRUE,true,danger
pulm_shortness_of_breath,1,Q_SOB_LEG_SWELLING,70,Leg swelling/pain or recent immobilization/travel?,tri,TRUE,true,danger
pulm_shortness_of_breath,1,Q_SOB_HEART,80,History of heart failure or MI?,tri,TRUE,true,modifier
pulm_wheezing,1,Q_WHZ_SOB,10,Shortness of breath?,tri,TRUE,true,danger
pulm_wheezing,1,Q_WHZ_SPEAKING,20,Trouble speaking full sentences?,tri,TRUE,true,danger
pulm_wheezing,1,Q_WHZ_INHALER,30,Do you have a rescue inhaler and is it helping?,tri,TRUE,true,cluster
pulm_wheezing,1,Q_WHZ_TRIGGER,40,Trigger (cold  exercise  allergens  smoke)?,tri,TRUE,true,cluster
pulm_wheezing,1,Q_WHZ_FEVER,50,Fever?,tri,TRUE,true,cluster
pulm_wheezing,1,Q_WHZ_ALLERGY,60,Hives  lip/tongue swelling  or throat tightness?,tri,TRUE,true,danger
pulm_chest_tightness,1,Q_PCT_PRESSURE,10,Pressure/heaviness like a weight or sharp with breathing?,tri,TRUE,true,triage
pulm_chest_tightness,1,Q_PCT_SOB,20,Shortness of breath?,tri,TRUE,true,danger
pulm_chest_tightness,1,Q_PCT_WHEEZE,30,Wheezing?,tri,TRUE,true,cluster
pulm_chest_tightness,1,Q_PCT_FEVER,40,Fever?,tri,TRUE,true,cluster
pulm_chest_tightness,1,Q_PCT_EXERT,50,Worse with exertion?,tri,TRUE,true,danger
pulm_chest_tightness,1,Q_PCT_RISK,60,PE risk (leg swelling  travel  immobilization)?,tri,TRUE,true,danger
pulm_hemoptysis,1,Q_HEMO_AMOUNT,10,Small streaks vs more than a few teaspoons?,tri,TRUE,true,triage
pulm_hemoptysis,1,Q_HEMO_SOB,20,Shortness of breath?,tri,TRUE,true,danger
pulm_hemoptysis,1,Q_HEMO_CP,30,Chest pain?,tri,TRUE,true,danger
pulm_hemoptysis,1,Q_HEMO_FEVER,40,Fever?,tri,TRUE,true,cluster
pulm_hemoptysis,1,Q_HEMO_BLOOD_THINNER,50,On blood thinners?,tri,TRUE,true,modifier
pulm_hemoptysis,1,Q_HEMO_RISK,60,Recent immobilization  travel  or DVT risk?,tri,TRUE,true,danger
gi_abdominal_pain,1,Q_ABD_ONSET,10,Sudden onset or gradual?,enum,TRUE,true,triage
gi_abdominal_pain,1,Q_ABD_LOC,20,Where is the pain worst?,enum,TRUE,true,cluster
gi_abdominal_pain,1,Q_ABD_SEV,30,Severity 0-10?,number,TRUE,true,triage
gi_abdominal_pain,1,Q_ABD_FEVER,40,Fever or chills?,tri,TRUE,true,triage
gi_abdominal_pain,1,Q_ABD_VOMIT,50,Vomiting?,tri,TRUE,true,cluster
gi_abdominal_pain,1,Q_ABD_BLOOD,60,Blood in vomit or stool?,tri,TRUE,true,danger
gi_abdominal_pain,1,Q_ABD_PREG,70,Possibility of pregnancy?,tri,TRUE,true,danger
gi_abdominal_pain,1,Q_ABD_PERITONEAL,80,Rigid abdomen or worse with movement?,tri,TRUE,true,danger
gi_abdominal_pain,1,Q_ABD_CHEST,90,Chest pain/pressure or SOB?,tri,TRUE,true,danger
gi_abdominal_pain,1,Q_ABD_TESTIS,100,Testicular pain/swelling?,tri,TRUE,true,danger
gi_abdominal_pain,1,Q_ABD_MIGRATION_RLQ,110,Pain started elsewhere and moved to RLQ?,tri,FALSE,true,triage
gi_abdominal_pain,1,Q_ABD_ANOREXIA,111,Loss of appetite?,tri,FALSE,true,triage
gi_abdominal_pain,1,Q_ABD_RUQ_FATTY,112,Worse after fatty meals?,tri,FALSE,true,triage
gi_abdominal_pain,1,Q_ABD_MURPHY,113,Worse when taking a deep breath with RUQ pain?,tri,FALSE,true,triage
gi_abdominal_pain,1,Q_ABD_CHANGE_BOWEL,114,Constipation or no gas/bloating?,tri,FALSE,true,triage
gi_abdominal_pain,1,Q_ABD_PRIOR_SURG,115,Prior abdominal surgery/adhesions?,tri,FALSE,true,triage
gi_abdominal_pain,1,Q_ABD_BACK_RAD,116,Radiates to the back?,tri,FALSE,true,triage
gi_abdominal_pain,1,Q_ABD_ALCOHOL,117,Heavy alcohol use recently?,tri,FALSE,true,triage
gi_abdominal_pain,1,Q_ABD_URINARY,118,Burning urination or flank pain?,tri,FALSE,true,triage
gi_abdominal_pain,1,Q_ABD_GYNE_SIDED,119,One-sided pelvic pain (if applicable)?,tri,FALSE,true,triage
gi_diarrhea,1,Q_DIARR_DUR,10,How many days?,number,TRUE,true,triage
gi_diarrhea,1,Q_DIARR_FREQ,20,How many stools per day?,number,TRUE,true,triage
gi_diarrhea,1,Q_DIARR_BLOOD,30,Blood or black/tarry stool?,tri,TRUE,true,danger
gi_diarrhea,1,Q_DIARR_FEVER,40,Fever?,tri,TRUE,true,cluster
gi_diarrhea,1,Q_DIARR_DEHYD,50,Dizziness/very low urine/unable to keep fluids?,tri,TRUE,true,danger
gi_diarrhea,1,Q_DIARR_ABDSEV,60,Severe abdominal pain?,tri,TRUE,true,danger
gi_diarrhea,1,Q_DIARR_TRAVEL,70,Recent travel or high-risk food exposure?,tri,TRUE,true,cluster
gi_diarrhea,1,Q_DIARR_ABX,80,Antibiotics in last 8 weeks?,tri,TRUE,true,cluster
gi_diarrhea,1,Q_DIARR_IMMUNO,90,Immunocompromised?,tri,TRUE,true,modifier
gi_vomiting,1,Q_VOM_DUR,10,How many days?,number,TRUE,true,triage
gi_vomiting,1,Q_VOM_BLOOD,20,Blood or coffee-ground vomit?,tri,TRUE,true,danger
gi_vomiting,1,Q_VOM_BILIOUS,30,Bright green bile vomit?,tri,TRUE,true,danger
gi_vomiting,1,Q_VOM_ABDSEV,40,Severe abdominal pain?,tri,TRUE,true,danger
gi_vomiting,1,Q_VOM_FEVER,50,Fever?,tri,TRUE,true,cluster
gi_vomiting,1,Q_VOM_DEHYD,60,Unable to keep fluids / very low urine?,tri,TRUE,true,danger
gi_vomiting,1,Q_VOM_NEURO,70,Severe headache/neck stiffness/confusion?,tri,TRUE,true,danger
gi_vomiting,1,Q_VOM_PREG,80,Possibility of pregnancy?,tri,TRUE,true,modifier
gi_gi_bleeding,1,Q_GIB_TYPE,10,What bleeding pattern?,enum,TRUE,true,triage
gi_gi_bleeding,1,Q_GIB_HEAVY,20,Large amount/ongoing bleeding or clots?,tri,TRUE,true,danger
gi_gi_bleeding,1,Q_GIB_FAINT,30,Lightheaded or fainting?,tri,TRUE,true,danger
gi_gi_bleeding,1,Q_GIB_CP,40,Chest pain/shortness of breath?,tri,TRUE,true,danger
gi_gi_bleeding,1,Q_GIB_BLOOD_THINNER,50,Blood thinners or bleeding disorder?,tri,TRUE,true,modifier
gi_gi_bleeding,1,Q_GIB_ABDSEV,60,Severe abdominal pain?,tri,TRUE,true,danger
gi_constipation,1,Q_CONST_DUR,10,Days since last normal bowel movement?,number,TRUE,true,triage
gi_constipation,1,Q_CONST_ABDSEV,20,Severe abdominal pain or distension?,tri,TRUE,true,danger
gi_constipation,1,Q_CONST_VOMIT,30,Vomiting?,tri,TRUE,true,danger
gi_constipation,1,Q_CONST_BLOOD,40,Blood in stool or black stools?,tri,TRUE,true,danger
gi_constipation,1,Q_CONST_FEVER,50,Fever?,tri,TRUE,true,cluster
gi_constipation,1,Q_CONST_NO_GAS,60,Unable to pass gas?,tri,TRUE,true,danger
gi_jaundice,1,Q_JAUND_PAIN_RUQ,10,Right upper abdominal pain?,tri,TRUE,true,cluster
gi_jaundice,1,Q_JAUND_FEVER,20,Fever/chills?,tri,TRUE,true,danger
gi_jaundice,1,Q_JAUND_DARK_URINE,30,Dark urine or pale/gray stools?,tri,TRUE,true,cluster
gi_jaundice,1,Q_JAUND_ITCH,40,Significant itching?,tri,TRUE,true,cluster
gi_jaundice,1,Q_JAUND_CONFUSION,50,Confusion/sleepiness?,tri,TRUE,true,danger
gi_jaundice,1,Q_JAUND_BLEED,60,Easy bruising/bleeding?,tri,TRUE,true,danger
gi_dysphagia,1,Q_DYSPH_FOOD_STUCK,10,Food stuck right now?,tri,TRUE,true,danger
gi_dysphagia,1,Q_DYSPH_DROOL,20,Drooling or cannot swallow saliva?,tri,TRUE,true,danger
gi_dysphagia,1,Q_DYSPH_SOB,30,Trouble breathing/stridor?,tri,TRUE,true,danger
gi_dysphagia,1,Q_DYSPH_CHEST_PAIN,40,Severe chest pain after vomiting/swallowing?,tri,TRUE,true,danger
gi_dysphagia,1,Q_DYSPH_WEIGHT_LOSS,50,Progressive worsening or weight loss?,tri,TRUE,true,cluster
gi_dysphagia,1,Q_DYSPH_ODYN,60,Painful swallowing?,tri,TRUE,true,cluster
gi_acute_pancreatitis_like,1,Q_PANC_EPI,10,Upper middle (epigastric) pain?,tri,TRUE,true,cluster
gi_acute_pancreatitis_like,1,Q_PANC_BACK,20,Radiates to back?,tri,TRUE,true,cluster
gi_acute_pancreatitis_like,1,Q_PANC_VOMIT,30,Vomiting?,tri,TRUE,true,cluster
gi_acute_pancreatitis_like,1,Q_PANC_FEVER,40,Fever?,tri,TRUE,true,danger
gi_acute_pancreatitis_like,1,Q_PANC_ALC,50,Heavy alcohol use?,tri,TRUE,true,cluster
gi_acute_pancreatitis_like,1,Q_PANC_GALL,60,Known gallstones or RUQ biliary history?,tri,TRUE,true,cluster
gi_acute_pancreatitis_like,1,Q_PANC_SEV,70,Severity 0-10?,number,TRUE,true,triage
neuro_headache,1,Q_NHA_THUNDER,10,Did it come on suddenly — like a thunderclap?,tri,TRUE,true,danger
neuro_headache,1,Q_NHA_NEURODEF,20,"Any new weakness, numbness, or trouble speaking or seeing?",tri,TRUE,true,danger
neuro_headache,1,Q_NHA_FEVER_NECK,30,Fever with a stiff neck or confusion?,tri,TRUE,true,danger
neuro_headache,1,Q_NHA_PREG_POSTPARTUM,40,Pregnant or recently gave birth?,tri,TRUE,true,danger
neuro_headache,1,Q_NHA_TRAUMA,50,Any recent head injury?,tri,TRUE,true,danger
neuro_headache,1,Q_NHA_AGE50,60,Over 50 and is this a new type of headache?,tri,TRUE,true,modifier
neuro_headache,1,Q_NHA_EYE,70,Any eye pain or sudden vision loss?,tri,TRUE,true,danger
neuro_headache,1,Q_NHA_PHOTOPHOBIA,80,Sensitive to light or nauseous — like a migraine?,tri,FALSE,true,triage
neuro_headache,1,Q_NHA_UNILATERAL,81,Throbbing on one side of your head?,tri,FALSE,true,triage
neuro_headache,1,Q_NHA_STRESS_TIGHT,82,Feel like a tight band around your head?,tri,FALSE,true,triage
neuro_headache,1,Q_NHA_JAW_CLAUD,83,Jaw pain with chewing?,tri,FALSE,true,triage
neuro_headache,1,Q_NHA_SCALP_TENDER,84,Scalp tenderness/temple pain?,tri,FALSE,true,triage
neuro_headache,1,Q_NHA_IMMUNO,85,Immunocompromised?,tri,FALSE,true,triage
neuro_headache,1,Q_NHA_RASH_PURPLE,86,Purple rash that doesn't blanch?,tri,FALSE,true,triage
neuro_dizziness_vertigo,1,Q_DIZV_KIND,10,Feels like spinning vs faint/lightheaded?,enum,TRUE,true,triage
neuro_dizziness_vertigo,1,Q_DIZV_NEURODEF,20,New weakness/numbness/speech trouble?,tri,TRUE,true,danger
neuro_dizziness_vertigo,1,Q_DIZV_HEADACHE,30,Severe headache?,tri,TRUE,true,danger
neuro_dizziness_vertigo,1,Q_DIZV_CARDIAC,40,Chest pain/SOB/palpitations?,tri,TRUE,true,danger
neuro_dizziness_vertigo,1,Q_DIZV_VOMIT,50,Persistent vomiting?,tri,TRUE,true,cluster
neuro_dizziness_vertigo,1,Q_DIZV_EAR,60,Unilateral hearing loss/tinnitus?,tri,TRUE,true,cluster
neuro_weakness_numbness,1,Q_WKNUM_SUDDEN,10,Sudden onset?,tri,TRUE,true,danger
neuro_weakness_numbness,1,Q_WKNUM_FACE_SPEECH,20,Facial droop or speech difficulty?,tri,TRUE,true,danger
neuro_weakness_numbness,1,Q_WKNUM_ONE_SIDE,30,One-sided symptoms?,tri,TRUE,true,danger
neuro_weakness_numbness,1,Q_WKNUM_VISION,40,Vision loss/double vision?,tri,TRUE,true,danger
neuro_weakness_numbness,1,Q_WKNUM_SPINAL,50,Severe back pain saddle anesthesia or bladder/bowel issues?,tri,TRUE,true,danger
neuro_weakness_numbness,1,Q_WKNUM_FEVER,60,Fever?,tri,TRUE,true,cluster
neuro_seizure,1,Q_SEIZ_FIRST,10,First seizure ever?,tri,TRUE,true,danger
neuro_seizure,1,Q_SEIZ_ONGOING,20,Ongoing seizure or repeated without recovery?,tri,TRUE,true,danger
neuro_seizure,1,Q_SEIZ_INJURY,30,Head injury during event?,tri,TRUE,true,danger
neuro_seizure,1,Q_SEIZ_PREG_POSTPARTUM,40,Pregnant or postpartum?,tri,TRUE,true,danger
neuro_seizure,1,Q_SEIZ_FEVER,50,Fever/meningitis symptoms?,tri,TRUE,true,danger
neuro_seizure,1,Q_SEIZ_METABOLIC,60,Diabetes/low sugar/toxin risk?,tri,TRUE,true,cluster
neuro_syncope,1,Q_SYNC_EXERT,10,Occurred with exertion?,tri,TRUE,true,danger
neuro_syncope,1,Q_SYNC_CARDIAC,20,Chest pain/palpitations/SOB?,tri,TRUE,true,danger
neuro_syncope,1,Q_SYNC_INJURY,30,Head injury from fall?,tri,TRUE,true,danger
neuro_syncope,1,Q_SYNC_NEURODEF,40,New neurologic deficits afterward?,tri,TRUE,true,danger
neuro_syncope,1,Q_SYNC_BLEED,50,Black stools/vomiting blood/heavy bleeding?,tri,TRUE,true,danger
neuro_syncope,1,Q_SYNC_PREG,60,Pregnant?,tri,TRUE,true,danger
neuro_confusion_ams,1,Q_AMS_SUDDEN,10,Sudden onset?,tri,TRUE,true,danger
neuro_confusion_ams,1,Q_AMS_FEVER,20,Fever?,tri,TRUE,true,danger
neuro_confusion_ams,1,Q_AMS_HEADACHE,30,Severe headache/neck stiffness?,tri,TRUE,true,danger
neuro_confusion_ams,1,Q_AMS_STROKE_SIGNS,40,New weakness/speech/vision changes?,tri,TRUE,true,danger
neuro_confusion_ams,1,Q_AMS_LOW_GLUCOSE,50,Diabetes or possible low sugar?,tri,TRUE,true,danger
neuro_confusion_ams,1,Q_AMS_TOXIC,60,Possible intoxication/overdose?,tri,TRUE,true,danger
gu_dysuria_uti,1,Q_DUTI_FEVER,10,Fever/chills?,tri,TRUE,true,danger
gu_dysuria_uti,1,Q_DUTI_FLANK,20,Flank pain?,tri,TRUE,true,danger
gu_dysuria_uti,1,Q_DUTI_PREG,30,Pregnant?,tri,TRUE,true,modifier
gu_dysuria_uti,1,Q_DUTI_MALE,40,Male anatomy?,tri,TRUE,true,modifier
gu_dysuria_uti,1,Q_DUTI_DISCHARGE,50,Genital discharge or STI risk?,tri,TRUE,true,cluster
gu_dysuria_uti,1,Q_DUTI_VOMIT,60,Vomiting/unable to keep fluids?,tri,TRUE,true,danger
gu_flank_pain,1,Q_FLNK_FEVER,10,Fever/chills?,tri,TRUE,true,danger
gu_flank_pain,1,Q_FLNK_URINARY,20,Urinary symptoms?,tri,TRUE,true,cluster
gu_flank_pain,1,Q_FLNK_HEMATURIA,30,Blood in urine?,tri,TRUE,true,cluster
gu_flank_pain,1,Q_FLNK_COLICKY,40,Severe colicky waves of pain?,tri,TRUE,true,cluster
gu_flank_pain,1,Q_FLNK_VOMIT,50,Vomiting?,tri,TRUE,true,cluster
gu_flank_pain,1,Q_FLNK_PREG,60,Pregnant?,tri,TRUE,true,modifier
gu_testicular_pain,1,Q_TPAIN_SUDDEN,10,Sudden severe pain?,tri,TRUE,true,danger
gu_testicular_pain,1,Q_TPAIN_HIGH_RIDING,20,High-riding or abnormal lie?,tri,TRUE,true,danger
gu_testicular_pain,1,Q_TPAIN_NAUSEA,30,Nausea/vomiting?,tri,TRUE,true,danger
gu_testicular_pain,1,Q_TPAIN_FEVER,40,Fever?,tri,TRUE,true,cluster
gu_testicular_pain,1,Q_TPAIN_DISCHARGE,50,Urethral discharge or STI risk?,tri,TRUE,true,cluster
gu_testicular_pain,1,Q_TPAIN_TRAUMA,60,Recent trauma?,tri,TRUE,true,cluster
gu_hematuria,1,Q_HEMU_CLOTS,10,Clots or trouble urinating?,tri,TRUE,true,danger
gu_hematuria,1,Q_HEMU_STONE_PAIN,20,Severe flank pain/colic?,tri,TRUE,true,cluster
gu_hematuria,1,Q_HEMU_FEVER,30,Fever/chills?,tri,TRUE,true,danger
gu_hematuria,1,Q_HEMU_BLOOD_THINNER,40,Blood thinners?,tri,TRUE,true,modifier
gu_hematuria,1,Q_HEMU_TRAUMA,50,Recent trauma?,tri,TRUE,true,danger
gu_urinary_retention,1,Q_URET_UNABLE,10,Unable to urinate at all?,tri,TRUE,true,danger
gu_urinary_retention,1,Q_URET_PAIN,20,Severe lower abdominal pain/distension?,tri,TRUE,true,danger
gu_urinary_retention,1,Q_URET_FEVER,30,Fever/chills?,tri,TRUE,true,danger
gu_urinary_retention,1,Q_URET_NEURO,40,New leg weakness/numbness or saddle anesthesia?,tri,TRUE,true,danger
gu_urinary_retention,1,Q_URET_BLOOD,50,Blood/clots in urine?,tri,TRUE,true,danger
gu_sti_exposure_discharge,1,Q_STID_FEVER,10,Fever?,tri,TRUE,true,cluster
gu_sti_exposure_discharge,1,Q_STID_PELVIC,20,Pelvic/lower abdominal pain?,tri,TRUE,true,cluster
gu_sti_exposure_discharge,1,Q_STID_TESTIS,30,Testicular pain/swelling?,tri,TRUE,true,danger
gu_sti_exposure_discharge,1,Q_STID_PREG,40,Pregnant?,tri,TRUE,true,modifier
gu_sti_exposure_discharge,1,Q_STID_ULCERS,50,Painful ulcers/blisters?,tri,TRUE,true,cluster
gu_sti_exposure_discharge,1,Q_STID_ASSAULT,60,Sexual assault concern?,tri,TRUE,true,modifier
gu_pelvic_pain_possible_ovarian_torsion,1,Q_PPOT_SUDDEN,10,Sudden severe one-sided pelvic pain?,tri,TRUE,true,danger
gu_pelvic_pain_possible_ovarian_torsion,1,Q_PPOT_PREG,20,Possibility of pregnancy?,tri,TRUE,true,danger
gu_pelvic_pain_possible_ovarian_torsion,1,Q_PPOT_BLEED,30,Vaginal bleeding?,tri,TRUE,true,danger
gu_pelvic_pain_possible_ovarian_torsion,1,Q_PPOT_FEVER,40,Fever?,tri,TRUE,true,cluster
gu_pelvic_pain_possible_ovarian_torsion,1,Q_PPOT_DISCHARGE,50,Abnormal discharge or STI risk?,tri,TRUE,true,cluster
gu_pelvic_pain_possible_ovarian_torsion,1,Q_PPOT_VOMIT,60,Nausea/vomiting?,tri,TRUE,true,danger
gu_vaginal_bleeding,1,Q_VBLD_PREG,10,Pregnant or possibly pregnant?,tri,TRUE,true,danger
gu_vaginal_bleeding,1,Q_VBLD_HEAVY,20,Heavy bleeding (soaking pad hourly) or large clots?,tri,TRUE,true,danger
gu_vaginal_bleeding,1,Q_VBLD_FAINT,30,Dizziness/fainting?,tri,TRUE,true,danger
gu_vaginal_bleeding,1,Q_VBLD_PAIN,40,Severe pelvic/abdominal pain?,tri,TRUE,true,danger
gu_vaginal_bleeding,1,Q_VBLD_POSTPARTUM,50,Recently postpartum?,tri,TRUE,true,danger
cardio_chest_pain,1,Q_CCP_PRESSURE,10,Pressure/heaviness (vs sharp)?,tri,TRUE,true,triage
cardio_chest_pain,1,Q_CCP_EXERT,20,Worse with exertion?,tri,TRUE,true,triage
cardio_chest_pain,1,Q_CCP_SOB,30,Shortness of breath?,tri,TRUE,true,triage
cardio_chest_pain,1,Q_CCP_SWEAT,40,Sweating/nausea with pain?,tri,TRUE,true,triage
cardio_chest_pain,1,Q_CCP_PLEURITIC,50,Worse with deep breath/cough?,tri,TRUE,true,triage
cardio_chest_pain,1,Q_CCP_RADIATE,60,Radiates to arm/jaw/back?,tri,TRUE,true,triage
cardio_chest_pain,1,Q_CCP_RISK,70,"PE risk (leg swelling, recent travel/immob, clot hx)?",tri,TRUE,true,triage
cardio_chest_pain,1,Q_CCP_TEARING,80,Sudden tearing pain to back?,tri,TRUE,true,triage
cardio_palpitations,1,Q_PALP_CP,10,Chest pain/pressure?,tri,TRUE,true,triage
cardio_palpitations,1,Q_PALP_SOB,20,Shortness of breath?,tri,TRUE,true,triage
cardio_palpitations,1,Q_PALP_SYNCOPE,30,Fainting or near-fainting?,tri,TRUE,true,triage
cardio_palpitations,1,Q_PALP_HR_VERY_FAST,40,Very fast/irregular heartbeat sensation?,tri,TRUE,true,triage
cardio_palpitations,1,Q_PALP_STIMULANT,50,Caffeine/stimulants/cocaine?,tri,TRUE,true,triage
cardio_palpitations,1,Q_PALP_THYROID,60,Weight loss/tremor/heat intolerance?,tri,TRUE,true,triage
cardio_leg_swelling,1,Q_LGSW_ONE_LEG,10,One leg more swollen than the other?,tri,TRUE,true,triage
cardio_leg_swelling,1,Q_LGSW_PAIN,20,Calf pain/tenderness?,tri,TRUE,true,triage
cardio_leg_swelling,1,Q_LGSW_SOB,30,Shortness of breath or chest pain?,tri,TRUE,true,triage
cardio_leg_swelling,1,Q_LGSW_RECENT_TRAVEL,40,Recent travel/immobilization/surgery?,tri,TRUE,true,triage
cardio_leg_swelling,1,Q_LGSW_FEVER_RED,50,Fever or redness/warmth of leg?,tri,TRUE,true,triage
cardio_leg_swelling,1,Q_LGSW_KNOWN_CHF,60,Known heart failure or orthopnea?,tri,TRUE,true,triage
msk_back_pain,1,Q_BKPN_TRAUMA,10,Recent trauma or fall?,tri,TRUE,true,triage
msk_back_pain,1,Q_BKPN_WEAK,20,New leg weakness/numbness?,tri,TRUE,true,triage
msk_back_pain,1,Q_BKPN_SADDLE,30,Saddle anesthesia or new bladder/bowel issues?,tri,TRUE,true,triage
msk_back_pain,1,Q_BKPN_FEVER,40,Fever or IV drug use?,tri,TRUE,true,triage
msk_back_pain,1,Q_BKPN_CANCER,50,Cancer history/unexplained weight loss?,tri,TRUE,true,triage
msk_back_pain,1,Q_BKPN_PAIN_SEVERE,60,Severe pain not improving at rest?,tri,TRUE,true,triage
msk_joint_pain,1,Q_JTPN_HOT,10,"Hot, red, very swollen joint?",tri,TRUE,true,triage
msk_joint_pain,1,Q_JTPN_FEVER,20,Fever?,tri,TRUE,true,triage
msk_joint_pain,1,Q_JTPN_TRAUMA,30,Trauma/injury?,tri,TRUE,true,triage
msk_joint_pain,1,Q_JTPN_UNABLE_WEIGHT,40,Unable to bear weight/use joint?,tri,TRUE,true,triage
msk_joint_pain,1,Q_JTPN_MANY_JOINTS,50,Multiple joints involved?,tri,TRUE,true,triage
msk_joint_pain,1,Q_JTPN_RASH,60,Rash or recent infection?,tri,TRUE,true,triage
msk_sprain_injury,1,Q_SINJ_DEFORM,10,Obvious deformity?,tri,TRUE,true,triage
msk_sprain_injury,1,Q_SINJ_OPEN,20,Open wound/bone visible?,tri,TRUE,true,triage
msk_sprain_injury,1,Q_SINJ_UNABLE_WEIGHT,30,Unable to bear weight/use limb?,tri,TRUE,true,triage
msk_sprain_injury,1,Q_SINJ_NEUROVASCULAR,40,Numbness/weakness/cold limb or no pulse?,tri,TRUE,true,triage
msk_sprain_injury,1,Q_SINJ_SEVERE,50,Severe pain out of proportion?,tri,TRUE,true,triage
msk_sprain_injury,1,Q_SINJ_HEAD_INJURY,60,Head injury/LOC with fall?,tri,TRUE,true,triage
derm_rash,1,Q_DRSH_FEVER,10,Fever or very ill?,tri,TRUE,true,triage
derm_rash,1,Q_DRSH_MUCOSAL,20,Mouth/eye/genital sores?,tri,TRUE,true,triage
derm_rash,1,Q_DRSH_PAINFUL,30,Rash is painful (not just itchy)?,tri,TRUE,true,triage
derm_rash,1,Q_DRSH_BLISTER,40,Blisters/skin peeling?,tri,TRUE,true,triage
derm_rash,1,Q_DRSH_PURPLE,50,Purple spots that don't blanch?,tri,TRUE,true,triage
derm_rash,1,Q_DRSH_NEW_MED,60,New medication in last 2-4 weeks?,tri,TRUE,true,triage
derm_cellulitis,1,Q_DCELL_FEVER,10,Fever/chills?,tri,TRUE,true,triage
derm_cellulitis,1,Q_DCELL_SPREADING,20,Rapidly spreading redness?,tri,TRUE,true,triage
derm_cellulitis,1,Q_DCELL_PAIN_OUT,30,Severe pain out of proportion?,tri,TRUE,true,triage
derm_cellulitis,1,Q_DCELL_PUS,40,Pus/abscess/drainage?,tri,TRUE,true,triage
derm_cellulitis,1,Q_DCELL_IMMUNO,50,Immunocompromised/diabetes?,tri,TRUE,true,triage
derm_cellulitis,1,Q_DCELL_FACE_EYE,60,On face/around eye?,tri,TRUE,true,triage
derm_allergic_reaction,1,Q_DALRG_HIVES,10,Hives/itchy raised welts?,tri,TRUE,true,triage
derm_allergic_reaction,1,Q_DALRG_LIP_TONGUE,20,Lip/tongue swelling?,tri,TRUE,true,triage
derm_allergic_reaction,1,Q_DALRG_THROAT,30,Throat tightness/hoarse voice?,tri,TRUE,true,triage
derm_allergic_reaction,1,Q_DALRG_SOB,40,Shortness of breath/wheezing?,tri,TRUE,true,triage
derm_allergic_reaction,1,Q_DALRG_VOMIT,50,Vomiting or severe abdominal cramps?,tri,TRUE,true,triage
derm_allergic_reaction,1,Q_DALRG_TRIGGER,60,New food/med/sting exposure?,tri,TRUE,true,triage
endo_hyperglycemia,1,Q_EHYPR_KNOWN_DM,10,Known diabetes?,tri,TRUE,true,triage
endo_hyperglycemia,1,Q_EHYPR_POLYURIA,20,Frequent urination?,tri,TRUE,true,triage
endo_hyperglycemia,1,Q_EHYPR_POLYDIPSIA,30,Very thirsty?,tri,TRUE,true,triage
endo_hyperglycemia,1,Q_EHYPR_VOMIT,40,Vomiting or unable to keep fluids?,tri,TRUE,true,triage
endo_hyperglycemia,1,Q_EHYPR_ABD_PAIN,50,Severe abdominal pain?,tri,TRUE,true,triage
endo_hyperglycemia,1,Q_EHYPR_CONFUSION,60,Confusion or very drowsy?,tri,TRUE,true,triage
endo_hyperglycemia,1,Q_EHYPR_RAPID_BREATH,70,Deep/rapid breathing or fruity breath?,tri,TRUE,true,triage
endo_hyperglycemia,1,Q_EHYPR_INFECTION,80,Fever or suspected infection?,tri,TRUE,true,triage
endo_hyperglycemia,1,Q_EHYPR_FRUITY_BREATH,90,Fruity breath?,tri,FALSE,true,scoring
endo_hyperglycemia,1,Q_EHYPR_MISSED_INSULIN,100,Missed insulin or stopped diabetes meds?,tri,FALSE,true,scoring
endo_hyperglycemia,1,Q_EHYPR_WEIGHT_LOSS,110,Recent weight loss?,tri,FALSE,true,scoring
endo_hypoglycemia,1,Q_EHYPO_KNOWN_DM,10,Known diabetes or on glucose-lowering meds?,tri,TRUE,true,triage
endo_hypoglycemia,1,Q_EHYPO_CONFUSION,20,"Confusion, unable to think clearly, or acting strange?",tri,TRUE,true,triage
endo_hypoglycemia,1,Q_EHYPO_SYNCOPE,30,Fainting or seizure?,tri,TRUE,true,triage
endo_hypoglycemia,1,Q_EHYPO_SWEAT_SHAKE,40,Sweaty/shaky/palpitations?,tri,TRUE,true,triage
endo_hypoglycemia,1,Q_EHYPO_UNABLE_PO,50,Unable to safely eat/drink right now?,tri,TRUE,true,triage
endo_hypoglycemia,1,Q_EHYPO_RECURRENT,60,Repeated episodes today?,tri,TRUE,true,triage
endo_thyroid_symptoms,1,Q_ETHYR_TACHY,10,Fast heart rate/palpitations?,tri,TRUE,true,triage
endo_thyroid_symptoms,1,Q_ETHYR_WEIGHT_LOSS,20,Unintentional weight loss or heat intolerance?,tri,TRUE,true,triage
endo_thyroid_symptoms,1,Q_ETHYR_TREMOR,30,Tremor/anxiety/insomnia?,tri,TRUE,true,triage
endo_thyroid_symptoms,1,Q_ETHYR_WEIGHT_GAIN,40,Weight gain/cold intolerance/constipation?,tri,TRUE,true,triage
endo_thyroid_symptoms,1,Q_ETHYR_FATIGUE,50,Severe fatigue or slowed thinking?,tri,TRUE,true,triage
endo_thyroid_symptoms,1,Q_ETHYR_FEVER_DELIRIUM,60,Fever with agitation/confusion?,tri,TRUE,true,triage
endo_thyroid_symptoms,1,Q_ETHYR_CP_SOB,70,Chest pain or shortness of breath?,tri,TRUE,true,triage
psych_anxiety_panic,1,Q_PANX_CP,10,Chest pain/pressure?,tri,TRUE,true,triage
psych_anxiety_panic,1,Q_PANX_SOB,20,Shortness of breath?,tri,TRUE,true,triage
psych_anxiety_panic,1,Q_PANX_SYNCOPE,30,Fainting?,tri,TRUE,true,triage
psych_anxiety_panic,1,Q_PANX_SUDDEN,40,Sudden peak within minutes (panic-like)?,tri,TRUE,true,triage
psych_anxiety_panic,1,Q_PANX_SUBSTANCE,50,Stimulants/cocaine/too much caffeine?,tri,TRUE,true,triage
psych_anxiety_panic,1,Q_PANX_SI,60,Thoughts of self-harm or suicide?,tri,TRUE,true,triage
psych_anxiety_panic,1,Q_PANX_NEW_NEURO,70,New neurologic symptoms (weakness/speech trouble)?,tri,FALSE,true,triage
psych_anxiety_panic,1,Q_PANX_FEVER,80,Fever?,tri,FALSE,true,triage
psych_anxiety_panic,1,Q_PANX_THYROID,90,Weight loss/tremor/heat intolerance?,tri,FALSE,true,triage
psych_anxiety_panic,1,Q_PANX_WITHDRAWAL,100,Withdrawal suspected (alcohol/benzo/opioid)?,tri,FALSE,true,triage
psych_depression_suicidal_ideation,1,Q_PDEP_SI,10,Thoughts of self-harm or suicide?,tri,TRUE,true,triage
psych_depression_suicidal_ideation,1,Q_PDEP_INTENT,20,Feeling unable to stay safe right now?,tri,TRUE,true,triage
psych_depression_suicidal_ideation,1,Q_PDEP_PSYCHOSIS,30,Hearing voices/seeing things others don't?,tri,TRUE,true,triage
psych_depression_suicidal_ideation,1,Q_PDEP_SUBSTANCE,40,Heavy alcohol/drug use today?,tri,TRUE,true,triage
psych_depression_suicidal_ideation,1,Q_PDEP_GRAVE,50,"Not eating/drinking, unable to function, or severe agitation?",tri,TRUE,true,triage
psych_depression_suicidal_ideation,1,Q_PDEP_SUPPORT,60,Reliable support person with you now?,tri,TRUE,true,triage
psych_agitation_psychosis,1,Q_PAGIT_VIOLENT,10,Violent threats/unsafe behavior right now?,tri,TRUE,true,triage
psych_agitation_psychosis,1,Q_PAGIT_SI,20,Thoughts of self-harm/suicide?,tri,TRUE,true,triage
psych_agitation_psychosis,1,Q_PAGIT_HALLUC,30,Hallucinations or severe paranoia?,tri,TRUE,true,triage
psych_agitation_psychosis,1,Q_PAGIT_SUBSTANCE,40,Intoxication or withdrawal suspected?,tri,TRUE,true,triage
psych_agitation_psychosis,1,Q_PAGIT_FEVER,50,Fever or severe confusion (medical cause concern)?,tri,TRUE,true,triage
psych_agitation_psychosis,1,Q_PAGIT_UNABLE_SAFE,60,Unable to stay safe or care for self right now?,tri,TRUE,true,triage
ophtho_vision_loss,1,Q_OVL_SUDDEN,10,Sudden vision loss or curtain-like vision change?,tri,TRUE,true,triage
ophtho_vision_loss,1,Q_OVL_PAIN,20,Eye pain?,tri,TRUE,true,triage
ophtho_vision_loss,1,Q_OVL_NEURODEF,30,New weakness/numbness/speech trouble?,tri,TRUE,true,triage
ophtho_vision_loss,1,Q_OVL_TRAUMA,40,Recent eye/head trauma?,tri,TRUE,true,triage
ophtho_vision_loss,1,Q_OVL_FLASHES_FLOATERS,50,Flashes/floaters with new shadow?,tri,TRUE,true,triage
ophtho_vision_loss,1,Q_OVL_ONE_EYE,60,Only one eye affected?,tri,TRUE,true,triage
ophtho_vision_loss,1,Q_OVL_HEADACHE,70,Severe headache?,tri,TRUE,true,triage
ophtho_red_eye,1,Q_ORE_PAIN,10,Eye pain (not just irritation)?,tri,TRUE,true,triage
ophtho_red_eye,1,Q_ORE_VISION_CHANGE,20,Vision change?,tri,TRUE,true,triage
ophtho_red_eye,1,Q_ORE_PHOTOPHOBIA,30,Light sensitivity?,tri,TRUE,true,triage
ophtho_red_eye,1,Q_ORE_DISCHARGE_PUS,40,Thick pus discharge?,tri,TRUE,true,triage
ophtho_red_eye,1,Q_ORE_CONTACT,50,Contact lens wearer?,tri,TRUE,true,triage
ophtho_red_eye,1,Q_ORE_TRAUMA,60,Chemical splash or foreign body/trauma?,tri,TRUE,true,triage
ophtho_eye_pain_foreign_body,1,Q_OEPFB_CHEMICAL,10,Chemical exposure?,tri,TRUE,true,triage
ophtho_eye_pain_foreign_body,1,Q_OEPFB_METAL_WORK,20,Metal grinding/drilling or high-velocity debris?,tri,TRUE,true,triage
ophtho_eye_pain_foreign_body,1,Q_OEPFB_VISION_CHANGE,30,Vision change?,tri,TRUE,true,triage
ophtho_eye_pain_foreign_body,1,Q_OEPFB_SEVERE_PAIN,40,Severe pain?,tri,TRUE,true,triage
ophtho_eye_pain_foreign_body,1,Q_OEPFB_CONTACT,50,Contact lens wearer?,tri,TRUE,true,triage
ophtho_eye_pain_foreign_body,1,Q_OEPFB_PHOTOPHOBIA,60,Light sensitivity?,tri,TRUE,true,triage
id_fever,1,Q_IDF_TEMP_HIGH,10,Very high fever (>= 103F / 39.4C) or rigors?,tri,TRUE,true,triage
id_fever,1,Q_IDF_SOB,20,Shortness of breath?,tri,TRUE,true,triage
id_fever,1,Q_IDF_CONFUSION,30,Confusion or hard to awaken?,tri,TRUE,true,triage
id_fever,1,Q_IDF_NECK_STIFF,40,Neck stiffness or severe headache?,tri,TRUE,true,triage
id_fever,1,Q_IDF_RASH_PURPLE,50,Purple rash that doesn't blanch?,tri,TRUE,true,triage
id_fever,1,Q_IDF_IMMUNO,60,Immunocompromised (chemo/transplant/high-dose steroids)?,tri,TRUE,true,triage
id_fever,1,Q_IDF_COUGH_PRESENT,70,Cough present?,tri,FALSE,true,scoring
id_fever,1,Q_IDF_URINARY_SYMPTOMS,80,Burning urination or urinary frequency?,tri,FALSE,true,scoring
id_fever,1,Q_IDF_SKIN_WOUND,90,Skin infection wound or redness?,tri,FALSE,true,scoring
id_fever,1,Q_IDF_CHEMO_RECENT,100,Recent chemotherapy within 6 weeks?,tri,FALSE,true,scoring
id_fever,1,Q_IDF_SEVERE_CHILLS,110,Severe shaking chills?,tri,FALSE,true,scoring
id_flu_like,1,Q_IDFL_FEVER,10,Fever?,tri,TRUE,true,triage
id_flu_like,1,Q_IDFL_SOB,20,Shortness of breath?,tri,TRUE,true,triage
id_flu_like,1,Q_IDFL_CP,30,Chest pain/pressure?,tri,TRUE,true,triage
id_flu_like,1,Q_IDFL_DEHYD,40,Unable to keep fluids or very low urine?,tri,TRUE,true,triage
id_flu_like,1,Q_IDFL_HIGH_RISK,50,High risk (age>65, pregnancy, severe chronic disease, immunocompromised)?,tri,TRUE,true,triage
id_flu_like,1,Q_IDFL_SYMPTOM_DAYS_5PLUS,60,Symptoms >= 5 days?,tri,TRUE,true,triage
id_animal_bite_wound_infection,1,Q_IDBW_DEEP,10,Deep puncture, crush injury, or face/hand bite?,tri,TRUE,true,triage
id_animal_bite_wound_infection,1,Q_IDBW_SPREADING,20,Spreading redness or streaking up the limb?,tri,TRUE,true,triage
id_animal_bite_wound_infection,1,Q_IDBW_FEVER,30,Fever/chills?,tri,TRUE,true,triage
id_animal_bite_wound_infection,1,Q_IDBW_PAIN_OUT,40,Severe pain out of proportion?,tri,TRUE,true,triage
id_animal_bite_wound_infection,1,Q_IDBW_IMMUNO,50,Immunocompromised/diabetes?,tri,TRUE,true,triage
id_animal_bite_wound_infection,1,Q_IDBW_RABIES_RISK,60,Wild animal/bat bite or unknown rabies risk?,tri,TRUE,true,triage
tox_overdose_intoxication,1,Q_TOXOD_AMS,10,Confusion, very drowsy, or hard to awaken?,tri,TRUE,true,triage
tox_overdose_intoxication,1,Q_TOXOD_SLOW_BREATH,20,Slow/shallow breathing or turning blue?,tri,TRUE,true,triage
tox_overdose_intoxication,1,Q_TOXOD_SEIZURE,30,Seizure?,tri,TRUE,true,triage
tox_overdose_intoxication,1,Q_TOXOD_CHEST_PAIN,40,Chest pain?,tri,TRUE,true,triage
tox_overdose_intoxication,1,Q_TOXOD_VOMIT,50,Persistent vomiting or aspiration concern?,tri,TRUE,true,triage
tox_overdose_intoxication,1,Q_TOXOD_UNKNOWN,60,Unknown substance/amount?,tri,TRUE,true,triage
tox_withdrawal,1,Q_TOXWD_SEIZURE,10,Seizure now or in the last 24 hours?,tri,TRUE,true,triage
tox_withdrawal,1,Q_TOXWD_HALLUC,20,Hallucinations or severe confusion?,tri,TRUE,true,triage
tox_withdrawal,1,Q_TOXWD_AUTONOMIC,30,Severe sweating/tremor/fast heart rate?,tri,TRUE,true,triage
tox_withdrawal,1,Q_TOXWD_VOMIT,40,Persistent vomiting/dehydration?,tri,TRUE,true,triage
tox_withdrawal,1,Q_TOXWD_CHEST_PAIN,50,Chest pain or severe shortness of breath?,tri,TRUE,true,triage
tox_withdrawal,1,Q_TOXWD_HIGH_RISK,60,History of severe withdrawal or significant medical disease?,tri,TRUE,true,triage
tox_poisoning_exposure,1,Q_TOXPX_CORROSIVE,10,Corrosive/chemical exposure (burning to mouth/skin/eyes)?,tri,TRUE,true,triage
tox_poisoning_exposure,1,Q_TOXPX_INHALATION,20,Inhalation exposure with coughing/wheezing/SOB?,tri,TRUE,true,triage
tox_poisoning_exposure,1,Q_TOXPX_AMS,30,Confusion or very drowsy?,tri,TRUE,true,triage
tox_poisoning_exposure,1,Q_TOXPX_VOMIT,40,Persistent vomiting?,tri,TRUE,true,triage
tox_poisoning_exposure,1,Q_TOXPX_CHEST_PAIN,50,Chest pain?,tri,TRUE,true,triage
tox_poisoning_exposure,1,Q_TOXPX_UNKNOWN,60,Unknown substance?,tri,TRUE,true,triage
ortho_trauma_head_injury,1,Q_OTHI_LOC,10,Loss of consciousness?,tri,TRUE,true,triage
ortho_trauma_head_injury,1,Q_OTHI_VOMIT,20,Repeated vomiting?,tri,TRUE,true,triage
ortho_trauma_head_injury,1,Q_OTHI_SEVERE_HEADACHE,30,Severe or worsening headache?,tri,TRUE,true,triage
ortho_trauma_head_injury,1,Q_OTHI_NEURODEF,40,New weakness/numbness/confusion/seizure?,tri,TRUE,true,triage
ortho_trauma_head_injury,1,Q_OTHI_BLOOD_THINNER,50,On blood thinners/bleeding disorder?,tri,TRUE,true,triage
ortho_trauma_head_injury,1,Q_OTHI_DANGER_MECH,60,Dangerous mechanism (high fall, MVC)?,tri,TRUE,true,triage
ortho_trauma_head_injury,1,Q_OTHI_AGE_GE_65,70,Age 65 or older?,tri,FALSE,true,scoring
ortho_trauma_head_injury,1,Q_OTHI_AMNESIA,80,Amnesia to event or >30 minutes?,tri,FALSE,true,scoring
ortho_trauma_head_injury,1,Q_OTHI_INTOX,90,Intoxicated?,tri,FALSE,true,scoring
ortho_trauma_head_injury,1,Q_OTHI_WORSENING,100,Symptoms worsening over time?,tri,FALSE,true,scoring
ortho_trauma_fracture_dislocation,1,Q_OTFX_DEFORM,10,Obvious deformity?,tri,TRUE,true,triage
ortho_trauma_fracture_dislocation,1,Q_OTFX_OPEN,20,Open wound/bone visible?,tri,TRUE,true,triage
ortho_trauma_fracture_dislocation,1,Q_OTFX_UNABLE_WEIGHT,30,Unable to bear weight/use limb?,tri,TRUE,true,triage
ortho_trauma_fracture_dislocation,1,Q_OTFX_NEUROVASCULAR,40,Numbness/weakness/cold limb or no pulse?,tri,TRUE,true,triage
ortho_trauma_fracture_dislocation,1,Q_OTFX_SEVERE,50,Severe pain out of proportion?,tri,TRUE,true,triage
ortho_trauma_fracture_dislocation,1,Q_OTFX_HIGH_ENERGY,60,High-energy mechanism?,tri,TRUE,true,triage
ortho_trauma_laceration,1,Q_OTLAC_BLEEDING_UNCONTROLLED,10,Bleeding won't stop with pressure?,tri,TRUE,true,triage
ortho_trauma_laceration,1,Q_OTLAC_DEEP,20,Deep gaping wound or fat/muscle visible?,tri,TRUE,true,triage
ortho_trauma_laceration,1,Q_OTLAC_TENDON,30,Can't move finger/toe normally or tendon visible?,tri,TRUE,true,triage
ortho_trauma_laceration,1,Q_OTLAC_NUMB,40,Numbness/tingling distal to wound?,tri,TRUE,true,triage
ortho_trauma_laceration,1,Q_OTLAC_DIRTY,50,Dirty/contaminated (soil, bite) wound?,tri,TRUE,true,triage
ortho_trauma_laceration,1,Q_OTLAC_FACE_HAND,60,On face/hand/joint line?,tri,TRUE,true,triage
general_fatigue,1,Q_GFAT_CP_SOB,10,Chest pain or shortness of breath?,tri,TRUE,true,triage
general_fatigue,1,Q_GFAT_SYNCOPE,20,Fainting or near-fainting?,tri,TRUE,true,triage
general_fatigue,1,Q_GFAT_FEVER,30,Fever?,tri,TRUE,true,triage
general_fatigue,1,Q_GFAT_WEIGHT_LOSS,40,Unintentional weight loss/night sweats?,tri,TRUE,true,triage
general_fatigue,1,Q_GFAT_BLEEDING,50,Black stools/vomiting blood/heavy bleeding?,tri,TRUE,true,triage
general_fatigue,1,Q_GFAT_DEPRESSION_SI,60,Thoughts of self-harm?,tri,TRUE,true,triage
general_generalized_weakness,1,Q_GWEAK_FOCAL,10,One-sided weakness, facial droop, speech trouble?,tri,TRUE,true,triage
general_generalized_weakness,1,Q_GWEAK_CP_SOB,20,Chest pain or shortness of breath?,tri,TRUE,true,triage
general_generalized_weakness,1,Q_GWEAK_FEVER,30,Fever?,tri,TRUE,true,triage
general_generalized_weakness,1,Q_GWEAK_DEHYD,40,Unable to keep fluids / very low urine?,tri,TRUE,true,triage
general_generalized_weakness,1,Q_GWEAK_FALL,50,Fall/trauma or unable to walk?,tri,TRUE,true,triage
general_generalized_weakness,1,Q_GWEAK_LOW_GLUCOSE,60,Diabetes/possible low sugar symptoms?,tri,TRUE,true,triage
general_nausea_malaise,1,Q_GNAUS_CP,10,Chest pain/pressure?,tri,TRUE,true,triage
general_nausea_malaise,1,Q_GNAUS_SOB,20,Shortness of breath?,tri,TRUE,true,triage
general_nausea_malaise,1,Q_GNAUS_ABDSEV,30,Severe abdominal pain?,tri,TRUE,true,triage
general_nausea_malaise,1,Q_GNAUS_BLOOD,40,Blood in vomit or black stools?,tri,TRUE,true,triage
general_nausea_malaise,1,Q_GNAUS_DEHYD,50,Unable to keep fluids / very low urine?,tri,TRUE,true,triage
general_nausea_malaise,1,Q_GNAUS_PREG,60,Possibility of pregnancy?,tri,TRUE,true,triage
pulm_shortness_of_breath,1,perc_age_lt_50,110,Age under 50?,boolean,FALSE,true,scoring
pulm_shortness_of_breath,1,perc_hr_lt_100,120,Heart rate under 100?,boolean,FALSE,true,scoring
pulm_shortness_of_breath,1,perc_spo2_ge_95,130,Oxygen saturation >= 95%?,boolean,FALSE,true,scoring
pulm_shortness_of_breath,1,perc_no_hemoptysis,140,No hemoptysis?,boolean,FALSE,true,scoring
pulm_shortness_of_breath,1,perc_no_estrogen,150,No estrogen use (OCP/HRT)?,boolean,FALSE,true,scoring
pulm_shortness_of_breath,1,perc_no_prior_dvt_pe,160,No prior DVT/PE?,boolean,FALSE,true,scoring
pulm_shortness_of_breath,1,perc_no_unilateral_leg_swelling,170,No unilateral leg swelling?,boolean,FALSE,true,scoring
pulm_shortness_of_breath,1,perc_no_recent_surgery,180,No recent surgery/immobilization?,boolean,FALSE,true,scoring
pulm_shortness_of_breath,1,wells_clinical_dvt,190,Clinical signs of DVT?,boolean,FALSE,true,scoring
pulm_shortness_of_breath,1,wells_pe_most_likely,200,PE is most likely diagnosis?,boolean,FALSE,true,scoring
pulm_shortness_of_breath,1,wells_hr_gt_100,210,Heart rate > 100?,boolean,FALSE,true,scoring
pulm_shortness_of_breath,1,wells_recent_surgery,220,Recent surgery/immobilization?,boolean,FALSE,true,scoring
pulm_shortness_of_breath,1,wells_prior_dvt_pe,230,Prior DVT/PE?,boolean,FALSE,true,scoring
pulm_shortness_of_breath,1,wells_hemoptysis,240,Hemoptysis?,boolean,FALSE,true,scoring
pulm_shortness_of_breath,1,wells_active_cancer,250,Active cancer?,boolean,FALSE,true,scoring
ent_sore_throat,1,centor_fever,110,Fever?,boolean,FALSE,true,scoring
ent_sore_throat,1,centor_no_cough,120,No cough?,boolean,FALSE,true,scoring
ent_sore_throat,1,centor_tonsillar_exudate,130,Tonsillar exudate?,boolean,FALSE,true,scoring
ent_sore_throat,1,centor_tender_nodes,140,Tender anterior cervical nodes?,boolean,FALSE,true,scoring
ent_sore_throat,1,centor_age_3_14,150,Age 3-14?,boolean,FALSE,true,scoring
ent_sore_throat,1,centor_age_15_44,160,Age 15-44?,boolean,FALSE,true,scoring
ent_sore_throat,1,centor_age_45_plus,170,Age 45+?,boolean,FALSE,true,scoring
pulm_cough,1,Q_PCO_PND,91,Post-nasal drip or frequent throat clearing?,tri,FALSE,true,triage
pulm_cough,1,Q_PCO_HEARTBURN,92,Burning reflux/acid taste or worse after meals?,tri,FALSE,true,triage
pulm_cough,1,curb_confusion,110,Confusion?,boolean,FALSE,true,scoring
pulm_cough,1,curb_urea_high,120,Urea/BUN elevated?,boolean,FALSE,true,scoring
pulm_cough,1,curb_rr_ge_30,130,Respiratory rate >= 30?,boolean,FALSE,true,scoring
pulm_cough,1,curb_bp_low,140,Low blood pressure (SBP<90 or DBP<=60)?,boolean,FALSE,true,scoring
pulm_cough,1,curb_age_ge_65,150,Age >= 65?,boolean,FALSE,true,scoring
cardio_chest_pain,1,heart_history_moderate,110,History moderately suspicious for ACS?,boolean,FALSE,true,scoring
cardio_chest_pain,1,heart_history_high,120,History highly suspicious for ACS?,boolean,FALSE,true,scoring
cardio_chest_pain,1,heart_ecg_st_dev,130,ECG significant ST depression?,boolean,FALSE,true,scoring
cardio_chest_pain,1,heart_ecg_nonspecific,140,ECG nonspecific repolarization changes?,boolean,FALSE,true,scoring
cardio_chest_pain,1,heart_age_ge_65,150,Age >= 65?,boolean,FALSE,true,scoring
cardio_chest_pain,1,heart_age_45_64,160,Age 45-64?,boolean,FALSE,true,scoring
cardio_chest_pain,1,heart_risk_factors_ge3,170,3+ CAD risk factors or known atherosclerosis?,boolean,FALSE,true,scoring
cardio_chest_pain,1,heart_risk_factors_1_2,180,1-2 CAD risk factors?,boolean,FALSE,true,scoring
cardio_chest_pain,1,heart_troponin_elevated,190,Troponin elevated?,boolean,FALSE,true,scoring
cardio_chest_pain,1,heart_troponin_normal,200,Troponin normal?,boolean,FALSE,true,scoring
cardio_chest_pain,1,Q_CCP_REPRODUCIBLE,90,Reproducible with pressing on chest wall?,tri,FALSE,true,triage
cardio_chest_pain,1,Q_CCP_POSITION,91,Better or worse with position changes (leaning forward / lying flat)?,tri,FALSE,true,triage
cardio_chest_pain,1,Q_CCP_HEARTBURN,92,Burning sensation/acid reflux taste or worse after meals?,tri,FALSE,true,triage
cardio_chest_pain,1,Q_CCP_RECENT_VIRAL,93,Recent viral illness with sharp pain worse lying down?,tri,FALSE,true,triage
cardio_chest_pain,1,Q_CCP_LEG_SWELL,94,Unilateral leg swelling?,tri,FALSE,true,triage
cardio_chest_pain,1,Q_CCP_ESTROGEN,95,Estrogen/OCP use?,tri,FALSE,true,triage
cardio_chest_pain,1,Q_CCP_PRIOR_VTE,96,Prior DVT/PE?,tri,FALSE,true,triage
cardio_chest_pain,1,Q_CCP_RECENT_SURG,97,Recent surgery/immobilization?,tri,FALSE,true,triage
derm_rash,1,Q_DRSH_MENINGITIS_SYMPTOMS,110,Severe headache/neck stiffness/confusion?,tri,FALSE,true,scoring
derm_rash,1,Q_DRSH_RAPID_SPREAD,120,Rapidly spreading rash with severe illness?,tri,FALSE,true,scoring
derm_rash,1,Q_DRSH_HYPOTENSION_LIKE,130,Dizziness/fainting/very low BP?,tri,FALSE,true,scoring
derm_rash,1,Q_DRSH_ARTHRALGIA,140,Joint pain/swelling?,tri,FALSE,true,scoring
derm_rash,1,Q_DRSH_TICK_EXPOSURE,150,Recent tick bite or outdoor exposure?,tri,FALSE,true,scoring
derm_rash,1,Q_DRSH_FACE_SWELLING,160,Facial swelling?,tri,FALSE,true,scoring
ent_sore_throat,1,Q_ST_UVULA_DEV,180,Uvula deviation or one-sided severe throat swelling?,tri,FALSE,true,scoring
ent_sore_throat,1,Q_ST_VACC_HIB,190,Fully vaccinated for Hib?,tri,FALSE,true,scoring
gu_flank_pain,1,Q_FLNK_CVA,70,Flank pain with CVA tenderness?,tri,FALSE,true,scoring
gu_flank_pain,1,Q_FLNK_RIGORS,80,Shaking chills/rigors?,tri,FALSE,true,scoring
gu_flank_pain,1,Q_FLNK_UNABLE_PO,90,Unable to keep fluids down?,tri,FALSE,true,scoring
gu_flank_pain,1,Q_FLNK_STONE_HX,100,History of kidney stones?,tri,FALSE,true,scoring
gu_flank_pain,1,Q_FLNK_IMMUNO,110,Immunocompromised?,tri,FALSE,true,scoring
gu_flank_pain,1,Q_FLNK_TRAUMA,120,Recent trauma to the area?,tri,FALSE,true,scoring
msk_back_pain,1,Q_BKPN_LEG_PAIN_BELOW_KNEE,70,Pain radiates below the knee?,tri,FALSE,true,scoring
msk_back_pain,1,Q_BKPN_DERMATOMAL_NUMBNESS,80,Numbness/tingling in a dermatomal pattern?,tri,FALSE,true,scoring
msk_back_pain,1,Q_BKPN_WORSE_COUGH_SNEEZE,90,Worse with coughing/sneezing/valsalva?,tri,FALSE,true,scoring
msk_back_pain,1,Q_BKPN_IVDU,100,IV drug use?,tri,FALSE,true,scoring
msk_back_pain,1,Q_BKPN_RECENT_INFECTION,110,Recent infection or immunocompromised?,tri,FALSE,true,scoring
msk_back_pain,1,Q_BKPN_NIGHT_PAIN,120,Night pain or pain at rest?,tri,FALSE,true,scoring
ophtho_red_eye,1,Q_ORE_FOREIGN_BODY_SENSATION,70,Foreign body sensation or gritty feeling?,tri,FALSE,true,scoring
ophtho_red_eye,1,Q_ORE_CHEMICAL_EXPOSURE,80,Chemical exposure?,tri,FALSE,true,scoring
ophtho_red_eye,1,Q_ORE_TRAUMA_HIGH_VELOCITY,90,Metal grinding/high-velocity debris?,tri,FALSE,true,scoring
ophtho_red_eye,1,Q_ORE_SEVERE_PAIN,100,Severe pain?,tri,FALSE,true,scoring
ophtho_red_eye,1,Q_ORE_HALO_VISION,110,Haloes around lights?,tri,FALSE,true,scoring
tox_overdose_intoxication,1,Q_TOXOD_PINPOINT_PUPILS,70,Pinpoint pupils?,tri,FALSE,true,scoring
tox_overdose_intoxication,1,Q_TOXOD_AGITATION_SEVERE,80,Severe agitation?,tri,FALSE,true,scoring
tox_overdose_intoxication,1,Q_TOXOD_DIAPHORESIS,90,Heavy sweating?,tri,FALSE,true,scoring
tox_overdose_intoxication,1,Q_TOXOD_HYPERTHERMIA,100,High temperature / very hot to touch?,tri,FALSE,true,scoring
tox_overdose_intoxication,1,Q_TOXOD_TREMOR_CLONUS,110,Tremor, clonus, or muscle rigidity?,tri,FALSE,true,scoring
tox_overdose_intoxication,1,Q_TOXOD_DRY_SKIN,120,Dry skin / dry mouth (not sweaty)?,tri,FALSE,true,scoring
tox_overdose_intoxication,1,Q_TOXOD_HALLUCINATIONS,130,Hallucinations or severe paranoia?,tri,FALSE,true,scoring
tox_overdose_intoxication,1,Q_TOXOD_ANTIDEPRESSANTS_SSRI,140,SSRI/MAOI/serotonergic meds involved?,tri,FALSE,true,scoring
environmental_heat_illness,1,Q_ENVH_AMS,10,"Confusion, collapse, or seizure?",tri,TRUE,true,triage
environmental_heat_illness,1,Q_ENVH_CORE_TEMP_HIGH,20,Very high temperature / very hot skin?,tri,TRUE,true,triage
environmental_heat_illness,1,Q_ENVH_ANHIDROSIS,30,Not sweating / dry hot skin?,tri,FALSE,true,triage
environmental_heat_illness,1,Q_ENVH_SYNCOPE,40,Fainting?,tri,TRUE,true,triage
environmental_heat_illness,1,Q_ENVH_CRAMPS,50,Muscle cramps?,tri,TRUE,true,triage
environmental_heat_illness,1,Q_ENVH_DEHYDRATION,60,Unable to keep fluids / low urine?,tri,TRUE,true,triage
environmental_heat_illness,1,Q_ENVH_EXERTIONAL,70,Heavy exertion in heat?,tri,TRUE,true,triage
environmental_heat_illness,1,Q_ENVH_CARDIAC,80,Chest pain or severe shortness of breath?,tri,TRUE,true,triage
environmental_hypothermia_cold_exposure,1,Q_ENVC_COLLAPSE,10,Collapse or cannot stand?,tri,TRUE,true,triage
environmental_hypothermia_cold_exposure,1,Q_ENVC_SHIVER_STOP,20,Shivering stopped?,tri,TRUE,true,triage
environmental_hypothermia_cold_exposure,1,Q_ENVC_FROSTBITE,30,White/blue numb skin or blisters?,tri,TRUE,true,triage
environmental_hypothermia_cold_exposure,1,Q_ENVC_WET_EXPOSURE,40,Wet clothing / prolonged cold exposure?,tri,TRUE,true,triage
environmental_hypothermia_cold_exposure,1,Q_ENVC_INTOX,50,Alcohol/drug intoxication?,tri,FALSE,true,triage
environmental_hypothermia_cold_exposure,1,Q_ENVC_CONFUSION,60,Confusion?,tri,TRUE,true,triage
environmental_hypothermia_cold_exposure,1,Q_ENVC_CARDIAC,70,Chest pain or shortness of breath?,tri,TRUE,true,triage
allergic_rhinitis,1,Q_AR_DUR,10,How many days have you had allergic rhinitis?,number,TRUE,true,triage
allergic_rhinitis,1,Q_AR_FEVER,20,Do you have a fever?,tri,TRUE,true,triage
allergic_rhinitis,1,Q_AR_PAIN,30,Are you having significant pain?,tri,TRUE,true,cluster
allergic_rhinitis,1,Q_AR_SOB,40,Any shortness of breath?,tri,TRUE,true,cluster
allergic_rhinitis,1,Q_AR_SEVERITY,50,How severe are your symptoms? (1-10),number,TRUE,true,cluster
dental_pain,1,Q_DP_DUR,10,How many days have you had dental pain?,number,TRUE,true,triage
dental_pain,1,Q_DP_FEVER,20,Do you have a fever?,tri,TRUE,true,triage
dental_pain,1,Q_DP_PAIN,30,Are you having significant pain?,tri,TRUE,true,cluster
dental_pain,1,Q_DP_SOB,40,Any shortness of breath?,tri,TRUE,true,cluster
dental_pain,1,Q_DP_SEVERITY,50,How severe are your symptoms? (1-10),number,TRUE,true,cluster
insomnia,1,Q_I_DUR,10,How many days have you had insomnia?,number,TRUE,true,triage
insomnia,1,Q_I_FEVER,20,Do you have a fever?,tri,TRUE,true,triage
insomnia,1,Q_I_PAIN,30,Are you having significant pain?,tri,TRUE,true,cluster
insomnia,1,Q_I_SOB,40,Any shortness of breath?,tri,TRUE,true,cluster
insomnia,1,Q_I_SEVERITY,50,How severe are your symptoms? (1-10),number,TRUE,true,cluster
cough,1,Q_C_DUR,10,How long have you been coughing?,number,TRUE,true,triage
cough,1,Q_C_FEVER,20,Any fever with this?,tri,TRUE,true,triage
cough,1,Q_C_PAIN,30,Any chest or throat pain?,tri,TRUE,true,cluster
cough,1,Q_C_SOB,40,Any trouble breathing?,tri,TRUE,true,cluster
cough,1,Q_C_SEVERITY,50,"How bad overall? (1 = mild, 10 = worst)",number,TRUE,true,cluster
sinus_pressure,1,Q_SP_DUR,10,How many days have you had sinus pressure?,number,TRUE,true,triage
sinus_pressure,1,Q_SP_FEVER,20,Do you have a fever?,tri,TRUE,true,triage
sinus_pressure,1,Q_SP_PAIN,30,Are you having significant pain?,tri,TRUE,true,cluster
sinus_pressure,1,Q_SP_SOB,40,Any shortness of breath?,tri,TRUE,true,cluster
sinus_pressure,1,Q_SP_SEVERITY,50,How severe are your symptoms? (1-10),number,TRUE,true,cluster
