CC_ID,DISP_RULE_ID,PRIORITY,WHEN_EXPR,DISPOSITION_LEVEL,RATIONALE_TEMPLATE_ID,CONFIDENCE_HINT
sore_throat,DISP_ST_ER,1,"redFlagGate.gateResult == 'ER_SEND'",er_send,TPL_ST_ER_SEND,HIGH
sore_throat,DISP_ST_ESCALATE,2,"redFlagGate.gateResult == 'ESCALATE'",urgent_care,TPL_ST_ESCALATE,HIGH
sore_throat,DISP_ST_HIGH_CENTOR,3,"scores.centor >= 3",urgent_care,TPL_ST_HIGH_CENTOR,HIGH
sore_throat,DISP_ST_MOD_CENTOR,4,"scores.centor == 2",routine_urgent,TPL_ST_MOD_CENTOR,MODERATE
sore_throat,DISP_ST_PERSISTENT,5,"answers.Q_DURATION_DAYS >= 10",routine_urgent,TPL_ST_PERSISTENT,MODERATE
sore_throat,DISP_ST_RECURRENT,6,"answers.Q_RECURRENT_STREP == 'yes'",routine,TPL_ST_RECURRENT,MODERATE
sore_throat,DISP_ST_LOW_CENTOR,7,"scores.centor <= 1",self_care,TPL_ST_LOW_CENTOR,HIGH
sore_throat,DISP_ST_DEFAULT,99,true,routine,TPL_ST_DEFAULT,LOW
earache,DISP_EA_ER,1,"redFlagGate.gateResult == 'ER_SEND'",er_send,TPL_EA_ER_SEND,HIGH
earache,DISP_EA_ESCALATE,2,"redFlagGate.gateResult == 'ESCALATE'",urgent_care,TPL_EA_ESCALATE,HIGH
earache,DISP_EA_OE,3,"answers.Q_EA_TRAGUS_TENDER == 'yes' && answers.Q_EA_FEVER != 'yes'",pcp,TPL_EA_OE,HIGH
earache,DISP_EA_AOM_FEVER,4,"answers.Q_EA_FEVER == 'yes' && answers.Q_EA_URI == 'yes'",pcp,TPL_EA_AOM,HIGH
earache,DISP_EA_AOM_HEARING,5,"answers.Q_EA_FEVER == 'yes' && answers.Q_EA_HEARING_LOSS == 'yes'",pcp,TPL_EA_AOM,HIGH
earache,DISP_EA_TMJ,6,"answers.Q_EA_JAW_PAIN == 'yes' && answers.Q_EA_CHEWING_WORSE == 'yes' && answers.Q_EA_FEVER != 'yes' && answers.Q_EA_TRAGUS_TENDER != 'yes'",self_care,TPL_EA_TMJ,HIGH
earache,DISP_EA_ETD,7,"answers.Q_EA_BLOCKED_EAR == 'yes' && answers.Q_EA_FEVER != 'yes' && answers.Q_EA_TRAGUS_TENDER != 'yes'",self_care,TPL_EA_ETD,MODERATE
earache,DISP_EA_SALIVARY,8,"answers.Q_EA_NECK_SWELLING == 'yes' && answers.Q_EA_FEVER == 'yes'",urgent_care,TPL_EA_SALIVARY,MODERATE
earache,DISP_EA_TRAUMA,9,"answers.Q_EA_TRAUMA == 'yes' && answers.Q_EA_DRAINAGE == 'yes'",urgent_care,TPL_EA_TRAUMA,MODERATE
earache,DISP_EA_DEFAULT,99,true,routine,TPL_EA_DEFAULT,LOW
persistent_cough,DISP_PCOUGH_001,1,"redFlagGate.gateResult == 'ER_SEND'",er_send,TPL_PC_ER_SEND,HIGH
persistent_cough,DISP_PCOUGH_002,2,"redFlagGate.gateResult == 'ESCALATE'",urgent_care,TPL_PC_ESCALATE,HIGH
persistent_cough,DISP_PCOUGH_003,3,"answers.Q_COUGH_HEMOP == 'yes'",er_send,TPL_PC_HEMOP,HIGH
persistent_cough,DISP_PCOUGH_004,4,"answers.Q_COUGH_WHEEZE == 'yes' && answers.Q_COUGH_ASTHMA == 'yes'",self_care,TPL_PC_ASTHMA,HIGH
persistent_cough,DISP_PCOUGH_005,5,"answers.Q_COUGH_COPD == 'yes' && answers.Q_COUGH_O2LOW != 'yes'",pcp,TPL_PC_COPD,HIGH
persistent_cough,DISP_PCOUGH_006,6,"answers.Q_COUGH_FEVER == 'yes' && answers.Q_COUGH_DUR >= 2",pcp,TPL_PC_INFECTION,MODERATE
persistent_cough,DISP_PCOUGH_007,7,"answers.Q_COUGH_DUR >= 8",pcp,TPL_PC_CHRONIC,MODERATE
persistent_cough,DISP_PCOUGH_PND,7,"answers.Q_COUGH_PND == 'yes' && answers.Q_COUGH_FEVER != 'yes' && answers.Q_COUGH_SOB != 'yes' && answers.Q_COUGH_CP != 'yes' && answers.Q_COUGH_HEMOP != 'yes' && answers.Q_COUGH_O2LOW != 'yes'",self_care,TPL_PC_PND,HIGH
persistent_cough,DISP_PCOUGH_GERD,7,"answers.Q_COUGH_GERD == 'yes' && answers.Q_COUGH_FEVER != 'yes' && answers.Q_COUGH_SOB != 'yes' && answers.Q_COUGH_CP != 'yes' && answers.Q_COUGH_HEMOP != 'yes' && answers.Q_COUGH_O2LOW != 'yes'",self_care,TPL_PC_GERD,HIGH
persistent_cough,DISP_PCOUGH_008,8,"answers.Q_COUGH_FEVER != 'yes' && answers.Q_COUGH_SOB != 'yes' && answers.Q_COUGH_CP != 'yes' && answers.Q_COUGH_HEMOP != 'yes' && answers.Q_COUGH_O2LOW != 'yes'",self_care,TPL_PC_DEFAULT,LOW
persistent_cough,DISP_PCOUGH_099,99,true,routine,TPL_PC_DEFAULT,LOW
chest_pain,DISP_CP_ER,1,"redFlagGate.gateResult == 'ER_SEND'",er_send,TPL_CP_ER_SEND,HIGH
chest_pain,DISP_CP_ESCALATE,2,"redFlagGate.gateResult == 'ESCALATE'",urgent_care,TPL_CP_ESCALATE,HIGH
chest_pain,DISP_CP_PERICARDITIS,3,"answers.Q_CP_WORSE_FLAT == 'yes' && answers.Q_CP_RECENT_VIRAL == 'yes'",urgent_care,TPL_CP_PERICARDITIS,HIGH
chest_pain,DISP_CP_PNEUMONIA,4,"answers.Q_CP_FEVER == 'yes' && answers.Q_CP_COUGH == 'yes'",urgent_care,TPL_CP_PNEUMONIA,MODERATE
chest_pain,DISP_CP_GERD,5,"answers.Q_CP_BURNING == 'yes' && answers.Q_CP_ANTACID_RELIEF == 'yes'",pcp,TPL_CP_GERD,HIGH
chest_pain,DISP_CP_ANXIETY,6,"answers.Q_CP_STRESS_TRIGGER == 'yes' && answers.Q_CP_TINGLING == 'yes'",pcp,TPL_CP_ANXIETY,MODERATE
chest_pain,DISP_CP_MSK,7,"answers.Q_CP_REPRODUCIBLE == 'yes' && answers.Q_CP_SOB != 'yes' && answers.Q_CP_DIAPHORESIS != 'yes' && answers.Q_CP_SYNCOPE != 'yes'",self_care,TPL_CP_MSK,HIGH
chest_pain,DISP_CP_DEFAULT,99,true,routine,TPL_CP_DEFAULT,LOW
dizziness,DISP_DZ_ER,1,"redFlagGate.gateResult == 'ER_SEND'",er_send,TPL_DZ_ER_SEND,HIGH
dizziness,DISP_DZ_ESCALATE,2,"redFlagGate.gateResult == 'ESCALATE'",urgent_care,TPL_DZ_ESCALATE,HIGH
dizziness,DISP_DZ_HYPOGLYCEMIA,3,"answers.Q_DZ_DIABETIC == 'yes' && answers.Q_DZ_SWEATING == 'yes'",urgent_care,TPL_DZ_HYPOGLYCEMIA,MODERATE
dizziness,DISP_DZ_ORTHOSTATIC,4,"answers.Q_DZ_STANDS_WORSE == 'yes' && answers.Q_DZ_POOR_INTAKE == 'yes'",pcp,TPL_DZ_ORTHOSTATIC,MODERATE
dizziness,DISP_DZ_MEDICATION,5,"answers.Q_DZ_NEW_MED == 'yes' && answers.Q_DZ_FOCAL_NEURO != 'yes'",pcp,TPL_DZ_MEDICATION,MODERATE
dizziness,DISP_DZ_VEST_NEURITIS,6,"answers.Q_DZ_SPINNING == 'yes' && answers.Q_DZ_PROLONGED == 'yes' && answers.Q_DZ_RECENT_VIRAL == 'yes'",pcp,TPL_DZ_VEST_NEURITIS,HIGH
dizziness,DISP_DZ_BPPV,7,"answers.Q_DZ_SPINNING == 'yes' && answers.Q_DZ_POSITIONAL == 'yes' && answers.Q_DZ_BRIEF == 'yes'",self_care,TPL_DZ_BPPV,HIGH
dizziness,DISP_DZ_DEFAULT,99,true,routine,TPL_DZ_DEFAULT,LOW
abdominal_pain,DISP_AP_ER,1,"redFlagGate.gateResult == 'ER_SEND'",er_send,TPL_AP_ER_SEND,HIGH
abdominal_pain,DISP_AP_ESCALATE,2,"redFlagGate.gateResult == 'ESCALATE'",urgent_care,TPL_AP_ESCALATE,HIGH
abdominal_pain,DISP_AP_DIVERTICULITIS,3,"answers.Q_AP_LLQ == 'yes' && answers.Q_AP_FEVER == 'yes'",urgent_care,TPL_AP_DIVERTICULITIS,HIGH
abdominal_pain,DISP_AP_RENAL,4,"answers.Q_AP_FLANK_GROIN == 'yes' && answers.Q_AP_HEMATURIA == 'yes'",urgent_care,TPL_AP_RENAL,HIGH
abdominal_pain,DISP_AP_RENAL_PAIN,5,"answers.Q_AP_FLANK_GROIN == 'yes'",urgent_care,TPL_AP_RENAL,MODERATE
abdominal_pain,DISP_AP_GASTRO,6,"answers.Q_AP_DIARRHEA == 'yes' && answers.Q_AP_FEVER != 'yes' && answers.Q_AP_BLOODY_STOOL != 'yes'",self_care,TPL_AP_GASTRO,HIGH
abdominal_pain,DISP_AP_DEFAULT,99,true,routine,TPL_AP_DEFAULT,LOW
gu_uti_symptoms,DISP_UTI_ER,1,"redFlagGate.gateResult == 'ER_SEND'",er_send,TPL_UTI_ER_SEND,HIGH
gu_uti_symptoms,DISP_UTI_ESCALATE,2,"redFlagGate.gateResult == 'ESCALATE'",urgent_care,TPL_UTI_ESCALATE,HIGH
gu_uti_symptoms,DISP_UTI_PYELO,3,"answers.Q_UTI_FLANK_PAIN == 'yes' && answers.Q_UTI_FEVER == 'yes'",urgent_care,TPL_UTI_PYELO,HIGH
gu_uti_symptoms,DISP_UTI_PREGNANCY,4,"answers.Q_UTI_PREGNANT == 'yes' && answers.Q_UTI_DYSURIA == 'yes'",urgent_care,TPL_UTI_PREGNANCY,HIGH
gu_uti_symptoms,DISP_UTI_MALE,5,"answers.Q_UTI_MALE == 'yes' && answers.Q_UTI_DYSURIA == 'yes'",pcp,TPL_UTI_MALE,MODERATE
gu_uti_symptoms,DISP_UTI_RENAL_STONE,6,"answers.Q_UTI_COLICKY_PAIN == 'yes' && answers.Q_UTI_GROIN_RADIATION == 'yes'",urgent_care,TPL_UTI_RENAL_STONE,HIGH
gu_uti_symptoms,DISP_UTI_STI,7,"answers.Q_UTI_DISCHARGE == 'yes' && answers.Q_UTI_NEW_PARTNER == 'yes'",pcp,TPL_UTI_STI,MODERATE
gu_uti_symptoms,DISP_UTI_CYSTITIS,8,"answers.Q_UTI_DYSURIA == 'yes' && answers.Q_UTI_FREQUENCY == 'yes' && answers.Q_UTI_FEVER != 'yes'",self_care,TPL_UTI_CYSTITIS,HIGH
gu_uti_symptoms,DISP_UTI_DEFAULT,99,true,routine,TPL_UTI_DEFAULT,LOW
gu_testicular_pain_prostatitis,DISP_TP_ER,1,"redFlagGate.gateResult == 'ER_SEND'",er_send,TPL_TP_ER_SEND,HIGH
gu_testicular_pain_prostatitis,DISP_TP_ESCALATE,2,"redFlagGate.gateResult == 'ESCALATE'",urgent_care,TPL_TP_ESCALATE,HIGH
gu_testicular_pain_prostatitis,DISP_TP_PROSTATITIS,3,"answers.Q_TP_FEVER == 'yes' && answers.Q_TP_PERINEAL_PAIN == 'yes'",urgent_care,TPL_TP_PROSTATITIS,HIGH
gu_testicular_pain_prostatitis,DISP_TP_EPID_STI,4,"answers.Q_TP_DYSURIA == 'yes' && answers.Q_TP_DISCHARGE == 'yes'",urgent_care,TPL_TP_EPID_STI,HIGH
gu_testicular_pain_prostatitis,DISP_TP_EPID_ENTERIC,5,"answers.Q_TP_OLDER_AGE == 'yes' && answers.Q_TP_URINARY_SX == 'yes'",urgent_care,TPL_TP_EPID_ENTERIC,MODERATE
gu_testicular_pain_prostatitis,DISP_TP_STONE,6,"answers.Q_TP_FLANK_GROIN == 'yes' && answers.Q_TP_HEMATURIA == 'yes'",urgent_care,TPL_TP_STONE,HIGH
gu_testicular_pain_prostatitis,DISP_TP_TRAUMA,7,"answers.Q_TP_TRAUMA == 'yes' && answers.Q_TP_SWELLING == 'yes'",urgent_care,TPL_TP_TRAUMA,MODERATE
gu_testicular_pain_prostatitis,DISP_TP_VARICOCELE,8,"answers.Q_TP_CHRONIC == 'yes' && answers.Q_TP_WORSE_STANDING == 'yes' && answers.Q_TP_FEVER != 'yes'",pcp,TPL_TP_VARICOCELE,HIGH
gu_testicular_pain_prostatitis,DISP_TP_DEFAULT,99,true,routine,TPL_TP_DEFAULT,LOW
gyn_pelvic_pain,DISP_PP_ER,1,"redFlagGate.gateResult == 'ER_SEND'",er_send,TPL_PP_ER_SEND,HIGH
gyn_pelvic_pain,DISP_PP_ESCALATE,2,"redFlagGate.gateResult == 'ESCALATE'",urgent_care,TPL_PP_ESCALATE,HIGH
gyn_pelvic_pain,DISP_PP_PID,3,"answers.Q_PP_FEVER == 'yes' && answers.Q_PP_DISCHARGE == 'yes'",urgent_care,TPL_PP_PID,HIGH
gyn_pelvic_pain,DISP_PP_CYST,4,"answers.Q_PP_SUDDEN_ONSET == 'yes' && answers.Q_PP_AFTER_ACTIVITY == 'yes' && answers.Q_PP_RESOLVING == 'yes'",urgent_care,TPL_PP_CYST,MODERATE
gyn_pelvic_pain,DISP_PP_UTI_MIMIC,5,"answers.Q_PP_DYSURIA == 'yes' && answers.Q_PP_FREQUENCY == 'yes'",pcp,TPL_PP_UTI_MIMIC,MODERATE
gyn_pelvic_pain,DISP_PP_FIBROIDS,6,"answers.Q_PP_HEAVY_BLEEDING == 'yes' && answers.Q_PP_PELVIC_PRESSURE == 'yes'",pcp,TPL_PP_FIBROIDS,HIGH
gyn_pelvic_pain,DISP_PP_ENDOMETRIOSIS,7,"answers.Q_PP_CYCLICAL == 'yes' && answers.Q_PP_MENSES_RELATED == 'yes'",pcp,TPL_PP_ENDOMETRIOSIS,HIGH
gyn_pelvic_pain,DISP_PP_BENIGN,8,"answers.Q_PP_PELVIC_PAIN == 'yes' && answers.Q_PP_FEVER != 'yes' && answers.Q_PP_PREGNANT != 'yes' && answers.Q_PP_SUDDEN_ONSET != 'yes'",self_care,TPL_PP_BENIGN,MODERATE
gyn_pelvic_pain,DISP_PP_DEFAULT,99,true,routine,TPL_PP_DEFAULT,LOW
ent_sinus_pressure,DISP_SIN_ER,1,"redFlagGate.gateResult == 'ER_SEND'",er_send,TPL_SIN_ER_SEND,HIGH
ent_sinus_pressure,DISP_SIN_BAC_DUR,2,"answers.Q_SINUS_DUR >= 10",urgent_care,TPL_SIN_BACTERIAL,MODERATE
ent_sinus_pressure,DISP_SIN_BAC_DOUBLE,3,"answers.Q_SINUS_WORSE_AFTER_IMPROVE == 'yes'",urgent_care,TPL_SIN_BACTERIAL,MODERATE
ent_sinus_pressure,DISP_SIN_BAC_SEVERE,4,"answers.Q_SINUS_FEVER == 'yes' && answers.Q_SINUS_SEVERE_FACIAL == 'yes'",urgent_care,TPL_SIN_BACTERIAL,MODERATE
ent_sinus_pressure,DISP_SIN_PCP,5,"answers.Q_SINUS_DUR >= 7",pcp,TPL_SIN_PCP,LOW
ent_sinus_pressure,DISP_SIN_VIRAL,99,true,self_care,TPL_SIN_VIRAL,LOW
ent_sore_throat,DISP_ST_ER,1,"redFlagGate.gateResult == 'ER_SEND'",er_send,TPL_ST_ER_SEND,HIGH
ent_sore_throat,DISP_ST_EMERG_AIRWAY,2,"answers.Q_ST_DROOL == 'yes' || answers.Q_ST_SOB == 'yes'",er_send,TPL_ST_ER_SEND,HIGH
ent_sore_throat,DISP_ST_URGENT_PTA,3,"answers.Q_ST_TRISMUS == 'yes' || answers.Q_ST_UVULA_DEV == 'yes'",urgent_care,TPL_ST_STREP,HIGH
ent_sore_throat,DISP_ST_URGENT_FEVER,4,"answers.Q_ST_FEVER == 'yes' || answers.Q_ST_EXUDATE == 'yes' || answers.Q_ST_MONO == 'yes'",urgent_care,TPL_ST_STREP,MODERATE
ent_sore_throat,DISP_ST_ROUTINE,5,"answers.Q_ST_DUR >= 5",pcp,TPL_ST_ROUTINE,LOW
ent_sore_throat,DISP_ST_VIRAL,99,"true",self_care,TPL_ST_VIRAL,LOW
ent_ear_pain,DISP_EAR_ER,1,"redFlagGate.gateResult == 'ER_SEND'",er_send,TPL_EAR_ER_SEND,HIGH
ent_ear_pain,DISP_EAR_ESC,2,"redFlagGate.gateResult == 'ESCALATE'",urgent_care,TPL_EAR_URGENT,HIGH
ent_ear_pain,DISP_EAR_DRAIN,3,"answers.Q_EAR_DRAIN == 'yes' || answers.Q_EAR_FEVER == 'yes'",urgent_care,TPL_EAR_URGENT,MODERATE
ent_ear_pain,DISP_EAR_ROUTINE,99,"true",pcp,TPL_EAR_ROUTINE,LOW
ent_nasal_congestion,DISP_NC_ER,1,"redFlagGate.gateResult == 'ER_SEND'",er_send,TPL_NC_ER_SEND,HIGH
ent_nasal_congestion,DISP_NC_SINUS,2,"answers.Q_NC_DUR >= 10 && answers.Q_NC_FACIAL == 'yes'",urgent_care,TPL_NC_SINUS,MODERATE
ent_nasal_congestion,DISP_NC_ROUTINE,3,"answers.Q_NC_DUR >= 7",pcp,TPL_NC_PCP,LOW
ent_nasal_congestion,DISP_NC_VIRAL,99,"true",self_care,TPL_NC_VIRAL,LOW
ent_epistaxis,DISP_EPIX_ER,1,"redFlagGate.gateResult == 'ER_SEND'",er_send,TPL_EPIX_ER_SEND,HIGH
ent_epistaxis,DISP_EPIX_ESC,2,"redFlagGate.gateResult == 'ESCALATE'",urgent_care,TPL_EPIX_URGENT,HIGH
ent_epistaxis,DISP_EPIX_TRAUMA,3,"answers.Q_EPIX_TRAUMA == 'yes'",urgent_care,TPL_EPIX_URGENT,MODERATE
ent_epistaxis,DISP_EPIX_ROUTINE,99,"true",self_care,TPL_EPIX_SELF,LOW
pulm_cough,DISP_PCO_ER,1,"redFlagGate.gateResult == 'ER_SEND'",er_send,TPL_PCO_ER_SEND,HIGH
pulm_cough,DISP_PCO_ESC,2,"redFlagGate.gateResult == 'ESCALATE'",urgent_care,TPL_PCO_URGENT,HIGH
pulm_cough,DISP_PCO_FEVER_CP,3,"answers.Q_PCO_FEVER == 'yes' || answers.Q_PCO_CP == 'yes' || answers.Q_PCO_WHEEZE == 'yes'",urgent_care,TPL_PCO_URGENT,MODERATE
pulm_cough,DISP_PCO_ROUTINE,4,"answers.Q_PCO_DUR >= 14",pcp,TPL_PCO_PCP,LOW
pulm_cough,DISP_PCO_VIRAL,99,"true",self_care,TPL_PCO_VIRAL,LOW
pulm_shortness_of_breath,DISP_SOB_ER,1,"redFlagGate.gateResult == 'ER_SEND'",er_send,TPL_SOB_ER_SEND,HIGH
pulm_shortness_of_breath,DISP_SOB_WHEEZE_FEVER,2,"answers.Q_SOB_WHEEZE == 'yes' || answers.Q_SOB_FEVER == 'yes'",urgent_care,TPL_SOB_URGENT,MODERATE
pulm_shortness_of_breath,DISP_SOB_ROUTINE,99,"true",pcp,TPL_SOB_ROUTINE,LOW
pulm_wheezing,DISP_WHZ_ER,1,"redFlagGate.gateResult == 'ER_SEND'",er_send,TPL_WHZ_ER_SEND,HIGH
pulm_wheezing,DISP_WHZ_SOB_FEVER,2,"answers.Q_WHZ_SOB == 'yes' || answers.Q_WHZ_FEVER == 'yes'",urgent_care,TPL_WHZ_URGENT,MODERATE
pulm_wheezing,DISP_WHZ_ROUTINE,99,"true",self_care,TPL_WHZ_SELF,LOW
pulm_chest_tightness,DISP_PCT_ER,1,"redFlagGate.gateResult == 'ER_SEND'",er_send,TPL_PCT_ER_SEND,HIGH
pulm_chest_tightness,DISP_PCT_SOB_FEVER,2,"answers.Q_PCT_SOB == 'yes' || answers.Q_PCT_FEVER == 'yes'",urgent_care,TPL_PCT_URGENT,MODERATE
pulm_chest_tightness,DISP_PCT_ROUTINE,99,"true",self_care,TPL_PCT_SELF,LOW
pulm_hemoptysis,DISP_HEMO_ER,1,"redFlagGate.gateResult == 'ER_SEND'",er_send,TPL_HEMO_ER_SEND,HIGH
pulm_hemoptysis,DISP_HEMO_URGENT,2,"answers.Q_HEMO_BLOOD_THINNER == 'yes' || answers.Q_HEMO_FEVER == 'yes' || answers.Q_HEMO_CP == 'yes'",urgent_care,TPL_HEMO_URGENT,MODERATE
pulm_hemoptysis,DISP_HEMO_ROUTINE,99,"true",urgent_care,TPL_HEMO_URGENT,LOW
gi_abdominal_pain,DISP_ABD_EMERG,1,"answers.Q_ABD_PERITONEAL == 'yes' || answers.Q_ABD_SEV >= 8 || answers.Q_ABD_BLOOD == 'yes' || (answers.Q_ABD_PREG == 'yes' && answers.Q_ABD_ONSET == 'sudden') || answers.Q_ABD_CHEST == 'yes' || answers.Q_ABD_TESTIS == 'yes'",er_send,TPL_ABD_ER_SEND,HIGH
gi_abdominal_pain,DISP_ABD_URGENT,2,"answers.Q_ABD_FEVER == 'yes' || answers.Q_ABD_LOC == 'rlq' || answers.Q_ABD_LOC == 'ruq' || answers.Q_ABD_LOC == 'llq' || answers.Q_ABD_SEV >= 7",urgent_care,TPL_ABD_URGENT_CARE,MODERATE
gi_abdominal_pain,DISP_ABD_ROUTINE,99,"answers.Q_ABD_SEV < 7",pcp,TPL_ABD_PCP,LOW
gi_diarrhea,DISP_DIARR_EMERG,1,"answers.Q_DIARR_DEHYD == 'yes' && (answers.Q_DIARR_FREQ >= 8 || answers.Q_DIARR_DUR >= 2)",er_send,TPL_DIARR_ER_SEND,HIGH
gi_diarrhea,DISP_DIARR_URGENT,2,"answers.Q_DIARR_BLOOD == 'yes' || answers.Q_DIARR_FEVER == 'yes' || answers.Q_DIARR_ABX == 'yes' || answers.Q_DIARR_ABDSEV == 'yes' || answers.Q_DIARR_IMMUNO == 'yes'",urgent_care,TPL_DIARR_URGENT_CARE,MODERATE
gi_diarrhea,DISP_DIARR_ROUTINE,99,"answers.Q_DIARR_DUR > 0",pcp,TPL_DIARR_PCP,LOW
gi_vomiting,DISP_VOM_EMERG,1,"answers.Q_VOM_BLOOD == 'yes' || (answers.Q_VOM_BILIOUS == 'yes' && answers.Q_VOM_ABDSEV == 'yes') || answers.Q_VOM_NEURO == 'yes'",er_send,TPL_VOM_ER_SEND,HIGH
gi_vomiting,DISP_VOM_URGENT,2,"answers.Q_VOM_DEHYD == 'yes' || answers.Q_VOM_PREG == 'yes' || answers.Q_VOM_FEVER == 'yes' || answers.Q_VOM_ABDSEV == 'yes'",urgent_care,TPL_VOM_URGENT_CARE,MODERATE
gi_vomiting,DISP_VOM_ROUTINE,99,"answers.Q_VOM_DUR > 0",pcp,TPL_VOM_PCP,LOW
gi_gi_bleeding,DISP_GIB_EMERG,1,"answers.Q_GIB_TYPE == 'vomit_blood' || answers.Q_GIB_TYPE == 'black_tarry' || answers.Q_GIB_TYPE == 'bright_red_stool' || answers.Q_GIB_TYPE == 'maroon'",er_send,TPL_GIB_ER_SEND,HIGH
gi_constipation,DISP_CONST_EMERG,1,"answers.Q_CONST_VOMIT == 'yes' && (answers.Q_CONST_NO_GAS == 'yes' || answers.Q_CONST_ABDSEV == 'yes')",er_send,TPL_CONST_ER_SEND,HIGH
gi_constipation,DISP_CONST_URGENT,2,"answers.Q_CONST_BLOOD == 'yes' || answers.Q_CONST_FEVER == 'yes'",urgent_care,TPL_CONST_URGENT_CARE,MODERATE
gi_constipation,DISP_CONST_ROUTINE,99,"answers.Q_CONST_DUR > 0",pcp,TPL_CONST_PCP,LOW
gi_jaundice,DISP_JAUND_EMERG,1,"(answers.Q_JAUND_PAIN_RUQ == 'yes' && answers.Q_JAUND_FEVER == 'yes' && answers.Q_JAUND_DARK_URINE == 'yes') || answers.Q_JAUND_CONFUSION == 'yes' || answers.Q_JAUND_BLEED == 'yes'",er_send,TPL_JAUND_ER_SEND,HIGH
gi_jaundice,DISP_JAUND_URGENT,2,"answers.Q_JAUND_DARK_URINE == 'yes' || answers.Q_JAUND_PAIN_RUQ == 'yes' || answers.Q_JAUND_FEVER == 'yes'",urgent_care,TPL_JAUND_URGENT_CARE,MODERATE
gi_jaundice,DISP_JAUND_DEFAULT,99,"true",urgent_care,TPL_JAUND_URGENT_CARE,LOW
gi_dysphagia,DISP_DYSPH_EMERG,1,"answers.Q_DYSPH_SOB == 'yes' || answers.Q_DYSPH_DROOL == 'yes' || answers.Q_DYSPH_CHEST_PAIN == 'yes'",er_send,TPL_DYSPH_ER_SEND,HIGH
gi_dysphagia,DISP_DYSPH_URGENT,2,"answers.Q_DYSPH_FOOD_STUCK == 'yes' || answers.Q_DYSPH_WEIGHT_LOSS == 'yes' || answers.Q_DYSPH_ODYN == 'yes'",urgent_care,TPL_DYSPH_URGENT_CARE,MODERATE
gi_dysphagia,DISP_DYSPH_ROUTINE,99,"true",pcp,TPL_DYSPH_PCP,LOW
gi_acute_pancreatitis_like,DISP_PANC_EMERG,1,"answers.Q_PANC_SEV >= 8",er_send,TPL_PANC_ER_SEND,HIGH
gi_acute_pancreatitis_like,DISP_PANC_URGENT,2,"(answers.Q_PANC_EPI == 'yes' && answers.Q_PANC_VOMIT == 'yes') || answers.Q_PANC_BACK == 'yes' || answers.Q_PANC_FEVER == 'yes'",urgent_care,TPL_PANC_URGENT_CARE,MODERATE
gi_acute_pancreatitis_like,DISP_PANC_DEFAULT,99,"answers.Q_PANC_EPI == 'yes'",urgent_care,TPL_PANC_URGENT_CARE,LOW
neuro_headache,DISP_NHA_EMERG,1,"answers.Q_NHA_THUNDER == 'yes' || answers.Q_NHA_NEURODEF == 'yes' || answers.Q_NHA_FEVER_NECK == 'yes' || answers.Q_NHA_TRAUMA == 'yes' || answers.Q_NHA_EYE == 'yes'",er_send,TPL_NHA_ER_SEND,HIGH
neuro_headache,DISP_NHA_URGENT,2,"answers.Q_NHA_AGE50 == 'yes' || answers.Q_NHA_PREG_POSTPARTUM == 'yes'",urgent_care,TPL_NHA_URGENT_CARE,MODERATE
neuro_headache,DISP_NHA_ROUTINE,99,"true",pcp,TPL_NHA_PCP,LOW
neuro_dizziness_vertigo,DISP_DIZV_EMERG,1,"answers.Q_DIZV_NEURODEF == 'yes' || answers.Q_DIZV_KIND == 'off_balance' || answers.Q_DIZV_HEADACHE == 'yes' || answers.Q_DIZV_CARDIAC == 'yes'",er_send,TPL_DIZV_ER_SEND,HIGH
neuro_dizziness_vertigo,DISP_DIZV_URGENT,2,"answers.Q_DIZV_VOMIT == 'yes' || answers.Q_DIZV_EAR == 'yes'",urgent_care,TPL_DIZV_URGENT_CARE,MODERATE
neuro_dizziness_vertigo,DISP_DIZV_ROUTINE,99,"true",pcp,TPL_DIZV_PCP,LOW
neuro_weakness_numbness,DISP_WKNUM_EMERG,1,"answers.Q_WKNUM_SPINAL == 'yes' || (answers.Q_WKNUM_SUDDEN == 'yes' && (answers.Q_WKNUM_FACE_SPEECH == 'yes' || answers.Q_WKNUM_ONE_SIDE == 'yes' || answers.Q_WKNUM_VISION == 'yes'))",er_send,TPL_WKNUM_ER_SEND,HIGH
neuro_weakness_numbness,DISP_WKNUM_DEFAULT,99,"true",urgent_care,TPL_WKNUM_URGENT_CARE,MODERATE
neuro_seizure,DISP_SEIZ_EMERG,1,"true",er_send,TPL_SEIZ_ER_SEND,HIGH
neuro_syncope,DISP_SYNC_EMERG,1,"answers.Q_SYNC_EXERT == 'yes' || answers.Q_SYNC_CARDIAC == 'yes' || answers.Q_SYNC_INJURY == 'yes' || answers.Q_SYNC_NEURODEF == 'yes' || answers.Q_SYNC_BLEED == 'yes' || answers.Q_SYNC_PREG == 'yes'",er_send,TPL_SYNC_ER_SEND,HIGH
neuro_syncope,DISP_SYNC_DEFAULT,99,"true",urgent_care,TPL_SYNC_URGENT_CARE,MODERATE
neuro_confusion_ams,DISP_AMS_EMERG,1,"true",er_send,TPL_AMS_ER_SEND,HIGH
gu_dysuria_uti,DISP_DUTI_EMERG,1,"answers.Q_DUTI_FEVER == 'yes' && answers.Q_DUTI_FLANK == 'yes'",er_send,TPL_DUTI_ER_SEND,HIGH
gu_dysuria_uti,DISP_DUTI_URGENT,2,"answers.Q_DUTI_PREG == 'yes' || answers.Q_DUTI_MALE == 'yes' || answers.Q_DUTI_DISCHARGE == 'yes' || answers.Q_DUTI_FEVER == 'yes' || answers.Q_DUTI_VOMIT == 'yes'",urgent_care,TPL_DUTI_URGENT_CARE,MODERATE
gu_dysuria_uti,DISP_DUTI_ROUTINE,99,"true",pcp,TPL_DUTI_PCP,LOW
gu_flank_pain,DISP_FLNK_ER,1,"redFlagGate.gateResult == 'ER_SEND'",er_send,TPL_FLNK_ER_SEND,HIGH
gu_flank_pain,DISP_FLNK_URGENT,2,"answers.Q_FLNK_FEVER == 'yes' || answers.Q_FLNK_VOMIT == 'yes' || answers.Q_FLNK_COLICKY == 'yes' || answers.Q_FLNK_HEMATURIA == 'yes' || answers.Q_FLNK_PREG == 'yes' || answers.Q_FLNK_UNABLE_PO == 'yes'",urgent_care,TPL_FLNK_URGENT_CARE,MODERATE
gu_flank_pain,DISP_FLNK_ROUTINE,99,"true",pcp,TPL_FLNK_PCP,LOW
gu_testicular_pain,DISP_TPAIN_EMERG,1,"answers.Q_TPAIN_SUDDEN == 'yes' || answers.Q_TPAIN_HIGH_RIDING == 'yes' || answers.Q_TPAIN_NAUSEA == 'yes'",er_send,TPL_TPAIN_ER_SEND,HIGH
gu_testicular_pain,DISP_TPAIN_URGENT,2,"answers.Q_TPAIN_FEVER == 'yes' || answers.Q_TPAIN_DISCHARGE == 'yes' || answers.Q_TPAIN_TRAUMA == 'yes'",urgent_care,TPL_TPAIN_URGENT_CARE,MODERATE
gu_testicular_pain,DISP_TPAIN_DEFAULT,99,"true",urgent_care,TPL_TPAIN_URGENT_CARE,LOW
gu_hematuria,DISP_HEMU_EMERG,1,"answers.Q_HEMU_CLOTS == 'yes' || (answers.Q_HEMU_FEVER == 'yes' && answers.Q_HEMU_STONE_PAIN == 'yes') || answers.Q_HEMU_TRAUMA == 'yes'",er_send,TPL_HEMU_ER_SEND,HIGH
gu_hematuria,DISP_HEMU_DEFAULT,99,"true",urgent_care,TPL_HEMU_URGENT_CARE,MODERATE
gu_urinary_retention,DISP_URET_EMERG,1,"true",er_send,TPL_URET_ER_SEND,HIGH
gu_sti_exposure_discharge,DISP_STID_EMERG,1,"answers.Q_STID_TESTIS == 'yes'",er_send,TPL_STID_ER_SEND,HIGH
gu_sti_exposure_discharge,DISP_STID_URGENT,2,"(answers.Q_STID_PELVIC == 'yes' && answers.Q_STID_FEVER == 'yes') || answers.Q_STID_PREG == 'yes' || answers.Q_STID_ULCERS == 'yes' || answers.Q_STID_ASSAULT == 'yes'",urgent_care,TPL_STID_URGENT_CARE,MODERATE
gu_sti_exposure_discharge,DISP_STID_ROUTINE,99,"true",pcp,TPL_STID_PCP,LOW
gu_pelvic_pain_possible_ovarian_torsion,DISP_PPOT_EMERG,1,"(answers.Q_PPOT_SUDDEN == 'yes' && answers.Q_PPOT_VOMIT == 'yes') || (answers.Q_PPOT_PREG == 'yes' && answers.Q_PPOT_BLEED == 'yes')",er_send,TPL_PPOT_ER_SEND,HIGH
gu_pelvic_pain_possible_ovarian_torsion,DISP_PPOT_URGENT,2,"answers.Q_PPOT_FEVER == 'yes' || answers.Q_PPOT_DISCHARGE == 'yes'",urgent_care,TPL_PPOT_URGENT_CARE,MODERATE
gu_pelvic_pain_possible_ovarian_torsion,DISP_PPOT_DEFAULT,99,"true",urgent_care,TPL_PPOT_URGENT_CARE,LOW
gu_vaginal_bleeding,DISP_VBLD_EMERG,1,"answers.Q_VBLD_PREG == 'yes' || answers.Q_VBLD_HEAVY == 'yes' || answers.Q_VBLD_FAINT == 'yes' || answers.Q_VBLD_POSTPARTUM == 'yes'",er_send,TPL_VBLD_ER_SEND,HIGH
gu_vaginal_bleeding,DISP_VBLD_URGENT,2,"answers.Q_VBLD_PAIN == 'yes'",urgent_care,TPL_VBLD_URGENT_CARE,MODERATE
gu_vaginal_bleeding,DISP_VBLD_DEFAULT,99,"true",urgent_care,TPL_VBLD_URGENT_CARE,LOW
cardio_chest_pain,DISP_CCP_EMERG_ANY_RF,1,"answers.Q_CCP_PRESSURE == 'yes' && (answers.Q_CCP_EXERT == 'yes' || answers.Q_CCP_RADIATE == 'yes' || answers.Q_CCP_SWEAT == 'yes') || (answers.Q_CCP_PLEURITIC == 'yes' && answers.Q_CCP_SOB == 'yes' && answers.Q_CCP_RISK == 'yes') || answers.Q_CCP_TEARING == 'yes'",er_send,TPL_CCP_ER_SEND,HIGH
cardio_chest_pain,DISP_CCP_URGENT_SOB,2,"answers.Q_CCP_SOB == 'yes'",urgent_care,TPL_CCP_URGENT_CARE,HIGH
cardio_chest_pain,DISP_CCP_URGENT_DEFAULT,99,"true",urgent_care,TPL_CCP_URGENT_CARE,HIGH
cardio_palpitations,DISP_PALP_EMERG_RF,1,"answers.Q_PALP_SYNCOPE == 'yes' || (answers.Q_PALP_CP == 'yes' && answers.Q_PALP_SOB == 'yes') || (answers.Q_PALP_HR_VERY_FAST == 'yes' && answers.Q_PALP_SOB == 'yes')",er_send,TPL_PALP_ER_SEND,HIGH
cardio_palpitations,DISP_PALP_URGENT_FAST,2,"answers.Q_PALP_HR_VERY_FAST == 'yes' || answers.Q_PALP_CP == 'yes' || answers.Q_PALP_SOB == 'yes' || answers.Q_PALP_THYROID == 'yes'",urgent_care,TPL_PALP_URGENT_CARE,HIGH
cardio_palpitations,DISP_PALP_ROUTINE,99,"true",pcp,TPL_PALP_PCP,HIGH
cardio_leg_swelling,DISP_LGSW_EMERG_PE,1,"answers.Q_LGSW_SOB == 'yes' && (answers.Q_LGSW_ONE_LEG == 'yes' || answers.Q_LGSW_RECENT_TRAVEL == 'yes')",er_send,TPL_LGSW_ER_SEND,HIGH
cardio_leg_swelling,DISP_LGSW_URGENT_DVT_OR_CELL,2,"(answers.Q_LGSW_ONE_LEG == 'yes' && answers.Q_LGSW_PAIN == 'yes' && answers.Q_LGSW_RECENT_TRAVEL == 'yes') || answers.Q_LGSW_FEVER_RED == 'yes' || answers.Q_LGSW_ONE_LEG == 'yes' || answers.Q_LGSW_SOB == 'yes'",urgent_care,TPL_LGSW_URGENT_CARE,HIGH
cardio_leg_swelling,DISP_LGSW_ROUTINE_BILAT,99,"true",pcp,TPL_LGSW_PCP,HIGH
msk_back_pain,DISP_BKPN_EMERG,1,"answers.Q_BKPN_SADDLE == 'yes' || (answers.Q_BKPN_WEAK == 'yes' && answers.Q_BKPN_PAIN_SEVERE == 'yes') || (answers.Q_BKPN_FEVER == 'yes' && answers.Q_BKPN_PAIN_SEVERE == 'yes')",er_send,TPL_BKPN_ER_SEND,HIGH
msk_back_pain,DISP_BKPN_URGENT,2,"answers.Q_BKPN_WEAK == 'yes' || (answers.Q_BKPN_TRAUMA == 'yes' && answers.Q_BKPN_PAIN_SEVERE == 'yes') || answers.Q_BKPN_CANCER == 'yes' || answers.Q_BKPN_FEVER == 'yes'",urgent_care,TPL_BKPN_URGENT_CARE,HIGH
msk_back_pain,DISP_BKPN_ROUTINE,99,"true",pcp,TPL_BKPN_PCP,HIGH
msk_joint_pain,DISP_JTPN_EMERG_SEPTIC,1,"answers.Q_JTPN_HOT == 'yes' && answers.Q_JTPN_FEVER == 'yes'",er_send,TPL_JTPN_ER_SEND,HIGH
msk_joint_pain,DISP_JTPN_URGENT,2,"(answers.Q_JTPN_TRAUMA == 'yes' && answers.Q_JTPN_UNABLE_WEIGHT == 'yes') || answers.Q_JTPN_UNABLE_WEIGHT == 'yes' || answers.Q_JTPN_HOT == 'yes' || answers.Q_JTPN_FEVER == 'yes'",urgent_care,TPL_JTPN_URGENT_CARE,HIGH
msk_joint_pain,DISP_JTPN_ROUTINE,99,"true",pcp,TPL_JTPN_PCP,HIGH
msk_sprain_injury,DISP_SINJ_EMERG_RF,1,"answers.Q_SINJ_OPEN == 'yes' || answers.Q_SINJ_DEFORM == 'yes' || answers.Q_SINJ_NEUROVASCULAR == 'yes' || (answers.Q_SINJ_SEVERE == 'yes' && answers.Q_SINJ_UNABLE_WEIGHT == 'yes') || answers.Q_SINJ_HEAD_INJURY == 'yes'",er_send,TPL_SINJ_ER_SEND,HIGH
msk_sprain_injury,DISP_SINJ_URGENT_UNABLE,2,"answers.Q_SINJ_UNABLE_WEIGHT == 'yes'",urgent_care,TPL_SINJ_URGENT_CARE,HIGH
msk_sprain_injury,DISP_SINJ_ROUTINE,99,"true",pcp,TPL_SINJ_PCP,HIGH
derm_rash,DISP_DRSH_EMERG,1,"(answers.Q_DRSH_MUCOSAL == 'yes' && answers.Q_DRSH_BLISTER == 'yes') || (answers.Q_DRSH_FEVER == 'yes' && answers.Q_DRSH_PURPLE == 'yes') || (answers.Q_DRSH_MENINGITIS_SYMPTOMS == 'yes' && answers.Q_DRSH_FEVER == 'yes')",er_send,TPL_DRSH_ER_SEND,HIGH
derm_rash,DISP_DRSH_URGENT,2,"answers.Q_DRSH_FEVER == 'yes' || answers.Q_DRSH_NEW_MED == 'yes' || answers.Q_DRSH_PURPLE == 'yes'",urgent_care,TPL_DRSH_URGENT_CARE,HIGH
derm_rash,DISP_DRSH_ROUTINE,99,"true",pcp,TPL_DRSH_PCP,HIGH
derm_cellulitis,DISP_DCELL_EMERG,1,"(answers.Q_DCELL_PAIN_OUT == 'yes' && (answers.Q_DCELL_FEVER == 'yes' || answers.Q_DCELL_SPREADING == 'yes')) || (answers.Q_DCELL_FACE_EYE == 'yes' && answers.Q_DCELL_FEVER == 'yes')",er_send,TPL_DCELL_ER_SEND,HIGH
derm_cellulitis,DISP_DCELL_URGENT,2,"(answers.Q_DCELL_FEVER == 'yes' && answers.Q_DCELL_SPREADING == 'yes') || answers.Q_DCELL_IMMUNO == 'yes' || answers.Q_DCELL_PUS == 'yes'",urgent_care,TPL_DCELL_URGENT_CARE,HIGH
derm_cellulitis,DISP_DCELL_ROUTINE,99,"true",pcp,TPL_DCELL_PCP,HIGH
derm_allergic_reaction,DISP_DALRG_EMERG,1,"answers.Q_DALRG_LIP_TONGUE == 'yes' || answers.Q_DALRG_THROAT == 'yes' || answers.Q_DALRG_SOB == 'yes'",er_send,TPL_DALRG_ER_SEND,HIGH
derm_allergic_reaction,DISP_DALRG_URGENT,2,"(answers.Q_DALRG_HIVES == 'yes' && answers.Q_DALRG_VOMIT == 'yes') || answers.Q_DALRG_HIVES == 'yes'",urgent_care,TPL_DALRG_URGENT_CARE,HIGH
derm_allergic_reaction,DISP_DALRG_ROUTINE,99,"true",pcp,TPL_DALRG_PCP,HIGH
endo_hyperglycemia,DISP_EHYPR_EMERG_DKA,1,"(answers.Q_EHYPR_VOMIT == 'yes' && (answers.Q_EHYPR_RAPID_BREATH == 'yes' || answers.Q_EHYPR_CONFUSION == 'yes')) || (answers.Q_EHYPR_RAPID_BREATH == 'yes' && answers.Q_EHYPR_ABD_PAIN == 'yes') || answers.Q_EHYPR_CONFUSION == 'yes'",er_send,TPL_EHYPR_ER_SEND,HIGH
endo_hyperglycemia,DISP_EHYPR_URGENT,2,"answers.Q_EHYPR_VOMIT == 'yes' || answers.Q_EHYPR_INFECTION == 'yes' || (answers.Q_EHYPR_POLYURIA == 'yes' && answers.Q_EHYPR_POLYDIPSIA == 'yes') || (answers.Q_EHYPR_KNOWN_DM == 'yes' && answers.Q_EHYPR_POLYURIA == 'yes')",urgent_care,TPL_EHYPR_URGENT_CARE,HIGH
endo_hyperglycemia,DISP_EHYPR_ROUTINE,99,"true",pcp,TPL_EHYPR_PCP,HIGH
endo_hypoglycemia,DISP_EHYPO_EMERG,1,"answers.Q_EHYPO_CONFUSION == 'yes' || answers.Q_EHYPO_SYNCOPE == 'yes' || answers.Q_EHYPO_UNABLE_PO == 'yes'",er_send,TPL_EHYPO_ER_SEND,HIGH
endo_hypoglycemia,DISP_EHYPO_URGENT,2,"(answers.Q_EHYPO_RECURRENT == 'yes' && answers.Q_EHYPO_KNOWN_DM == 'yes') || answers.Q_EHYPO_KNOWN_DM == 'yes'",urgent_care,TPL_EHYPO_URGENT_CARE,HIGH
endo_hypoglycemia,DISP_EHYPO_ROUTINE,99,"true",pcp,TPL_EHYPO_PCP,HIGH
endo_thyroid_symptoms,DISP_ETHYR_EMERG,1,"(answers.Q_ETHYR_FEVER_DELIRIUM == 'yes' && answers.Q_ETHYR_TACHY == 'yes') || (answers.Q_ETHYR_CP_SOB == 'yes' && answers.Q_ETHYR_TACHY == 'yes') || answers.Q_ETHYR_FEVER_DELIRIUM == 'yes'",er_send,TPL_ETHYR_ER_SEND,HIGH
endo_thyroid_symptoms,DISP_ETHYR_URGENT,2,"answers.Q_ETHYR_TACHY == 'yes' || answers.Q_ETHYR_WEIGHT_LOSS == 'yes' || answers.Q_ETHYR_WEIGHT_GAIN == 'yes' || answers.Q_ETHYR_FATIGUE == 'yes'",urgent_care,TPL_ETHYR_URGENT_CARE,HIGH
endo_thyroid_symptoms,DISP_ETHYR_ROUTINE,99,"true",pcp,TPL_ETHYR_PCP,HIGH
psych_anxiety_panic,DISP_PANX_EMERG_SI,1,"answers.Q_PANX_SI == 'yes'",er_send,TPL_PANX_ER_SEND,HIGH
psych_anxiety_panic,DISP_PANX_URGENT,2,"answers.Q_PANX_CP == 'yes' || answers.Q_PANX_SOB == 'yes' || answers.Q_PANX_SYNCOPE == 'yes'",urgent_care,TPL_PANX_URGENT_CARE,HIGH
psych_anxiety_panic,DISP_PANX_ROUTINE,99,"true",pcp,TPL_PANX_PCP,HIGH
psych_depression_suicidal_ideation,DISP_PDEP_EMERG,1,"(answers.Q_PDEP_SI == 'yes' && answers.Q_PDEP_INTENT == 'yes') || answers.Q_PDEP_PSYCHOSIS == 'yes' || (answers.Q_PDEP_SUBSTANCE == 'yes' && answers.Q_PDEP_SI == 'yes')",er_send,TPL_PDEP_ER_SEND,HIGH
psych_depression_suicidal_ideation,DISP_PDEP_URGENT,2,"answers.Q_PDEP_GRAVE == 'yes' || answers.Q_PDEP_SI == 'yes'",urgent_care,TPL_PDEP_URGENT_CARE,HIGH
psych_depression_suicidal_ideation,DISP_PDEP_ROUTINE,99,"true",pcp,TPL_PDEP_PCP,HIGH
psych_agitation_psychosis,DISP_PAGIT_EMERG,1,"answers.Q_PAGIT_VIOLENT == 'yes' || answers.Q_PAGIT_UNABLE_SAFE == 'yes' || answers.Q_PAGIT_HALLUC == 'yes' || answers.Q_PAGIT_FEVER == 'yes' || (answers.Q_PAGIT_SUBSTANCE == 'yes' && (answers.Q_PAGIT_VIOLENT == 'yes' || answers.Q_PAGIT_HALLUC == 'yes')) || answers.Q_PAGIT_SI == 'yes'",er_send,TPL_PAGIT_ER_SEND,HIGH
psych_agitation_psychosis,DISP_PAGIT_URGENT,99,"true",urgent_care,TPL_PAGIT_URGENT_CARE,HIGH
ophtho_vision_loss,DISP_OVL_EMERG_ANY,1,"answers.Q_OVL_SUDDEN == 'yes' || answers.Q_OVL_NEURODEF == 'yes' || answers.Q_OVL_TRAUMA == 'yes' || answers.Q_OVL_FLASHES_FLOATERS == 'yes' || (answers.Q_OVL_PAIN == 'yes' && answers.Q_OVL_HEADACHE == 'yes')",er_send,TPL_OVL_ER_SEND,HIGH
ophtho_vision_loss,DISP_OVL_URGENT_DEFAULT,99,"true",urgent_care,TPL_OVL_URGENT_CARE,HIGH
ophtho_red_eye,DISP_ORE_EMERG_RF,1,"(answers.Q_ORE_CONTACT == 'yes' && (answers.Q_ORE_PAIN == 'yes' || answers.Q_ORE_VISION_CHANGE == 'yes' || answers.Q_ORE_PHOTOPHOBIA == 'yes')) || (answers.Q_ORE_PAIN == 'yes' && (answers.Q_ORE_VISION_CHANGE == 'yes' || answers.Q_ORE_PHOTOPHOBIA == 'yes')) || answers.Q_ORE_TRAUMA == 'yes' || answers.Q_ORE_CHEMICAL_EXPOSURE == 'yes' || answers.Q_ORE_TRAUMA_HIGH_VELOCITY == 'yes' || answers.Q_ORE_VISION_CHANGE == 'yes'",er_send,TPL_ORE_ER_SEND,HIGH
ophtho_red_eye,DISP_ORE_URGENT_PUS,50,"answers.Q_ORE_DISCHARGE_PUS == 'yes' || answers.Q_ORE_CONTACT == 'yes'",urgent_care,TPL_ORE_URGENT_CARE,HIGH
ophtho_red_eye,DISP_ORE_ROUTINE_DEFAULT,99,"true",pcp,TPL_ORE_PCP,HIGH
ophtho_eye_pain_foreign_body,DISP_OEPFB_EMERG_RF,1,"answers.Q_OEPFB_CHEMICAL == 'yes' || answers.Q_OEPFB_METAL_WORK == 'yes' || (answers.Q_OEPFB_CONTACT == 'yes' && (answers.Q_OEPFB_SEVERE_PAIN == 'yes' || answers.Q_OEPFB_PHOTOPHOBIA == 'yes' || answers.Q_OEPFB_VISION_CHANGE == 'yes')) || answers.Q_OEPFB_VISION_CHANGE == 'yes'",er_send,TPL_OEPFB_ER_SEND,HIGH
ophtho_eye_pain_foreign_body,DISP_OEPFB_URGENT_PAIN,50,"answers.Q_OEPFB_SEVERE_PAIN == 'yes' || answers.Q_OEPFB_PHOTOPHOBIA == 'yes' || answers.Q_OEPFB_CONTACT == 'yes'",urgent_care,TPL_OEPFB_URGENT_CARE,HIGH
ophtho_eye_pain_foreign_body,DISP_OEPFB_ROUTINE_DEFAULT,99,"true",pcp,TPL_OEPFB_PCP,HIGH
id_fever,DISP_IDF_EMERG_RF,1,"answers.Q_IDF_CONFUSION == 'yes' || answers.Q_IDF_SOB == 'yes' || answers.Q_IDF_NECK_STIFF == 'yes' || answers.Q_IDF_RASH_PURPLE == 'yes' || (answers.Q_IDF_IMMUNO == 'yes' && answers.Q_IDF_TEMP_HIGH == 'yes')",er_send,TPL_IDF_ER_SEND,HIGH
id_fever,DISP_IDF_URGENT_TEMP_OR_IMMUNO,50,"answers.Q_IDF_TEMP_HIGH == 'yes' || answers.Q_IDF_IMMUNO == 'yes'",urgent_care,TPL_IDF_URGENT_CARE,HIGH
id_fever,DISP_IDF_ROUTINE_DEFAULT,99,"true",pcp,TPL_IDF_PCP,HIGH
id_flu_like,DISP_IDFL_EMERG_RESP,1,"answers.Q_IDFL_SOB == 'yes' || answers.Q_IDFL_CP == 'yes'",er_send,TPL_IDFL_ER_SEND,HIGH
id_flu_like,DISP_IDFL_URGENT_DEHYD_OR_HIGHRISK,50,"answers.Q_IDFL_DEHYD == 'yes' || answers.Q_IDFL_HIGH_RISK == 'yes' || answers.Q_IDFL_SYMPTOM_DAYS_5PLUS == 'yes'",urgent_care,TPL_IDFL_URGENT_CARE,HIGH
id_flu_like,DISP_IDFL_ROUTINE_DEFAULT,99,"true",pcp,TPL_IDFL_PCP,HIGH
id_animal_bite_wound_infection,DISP_IDBW_EMERG_NEC,1,"answers.Q_IDBW_PAIN_OUT == 'yes' && (answers.Q_IDBW_FEVER == 'yes' || answers.Q_IDBW_SPREADING == 'yes')",er_send,TPL_IDBW_ER_SEND,HIGH
id_animal_bite_wound_infection,DISP_IDBW_URGENT_HIGHRISK,50,"answers.Q_IDBW_FEVER == 'yes' || answers.Q_IDBW_SPREADING == 'yes' || answers.Q_IDBW_DEEP == 'yes' || answers.Q_IDBW_IMMUNO == 'yes' || answers.Q_IDBW_RABIES_RISK == 'yes'",urgent_care,TPL_IDBW_URGENT_CARE,HIGH
id_animal_bite_wound_infection,DISP_IDBW_ROUTINE_DEFAULT,99,"true",pcp,TPL_IDBW_PCP,HIGH
tox_overdose_intoxication,DISP_TOXOD_EMERG_ANY_RF,1,"answers.Q_TOXOD_SLOW_BREATH == 'yes' || answers.Q_TOXOD_SEIZURE == 'yes' || answers.Q_TOXOD_AMS == 'yes' || answers.Q_TOXOD_CHEST_PAIN == 'yes'",er_send,TPL_TOXOD_ER_SEND,HIGH
tox_overdose_intoxication,DISP_TOXOD_URGENT_UNKNOWN_OR_VOMIT,50,"answers.Q_TOXOD_UNKNOWN == 'yes' || answers.Q_TOXOD_VOMIT == 'yes'",urgent_care,TPL_TOXOD_URGENT_CARE,HIGH
tox_overdose_intoxication,DISP_TOXOD_URGENT_DEFAULT,99,"true",urgent_care,TPL_TOXOD_URGENT_CARE,HIGH
tox_withdrawal,DISP_TOXWD_EMERG_SEVERE,1,"answers.Q_TOXWD_SEIZURE == 'yes' || answers.Q_TOXWD_HALLUC == 'yes' || answers.Q_TOXWD_CHEST_PAIN == 'yes'",er_send,TPL_TOXWD_ER_SEND,HIGH
tox_withdrawal,DISP_TOXWD_URGENT_MOD,50,"answers.Q_TOXWD_AUTONOMIC == 'yes' || answers.Q_TOXWD_VOMIT == 'yes' || answers.Q_TOXWD_HIGH_RISK == 'yes'",urgent_care,TPL_TOXWD_URGENT_CARE,HIGH
tox_withdrawal,DISP_TOXWD_URGENT_DEFAULT,99,"true",urgent_care,TPL_TOXWD_URGENT_CARE,HIGH
tox_poisoning_exposure,DISP_TOXPX_EMERG_ANY_RF,1,"answers.Q_TOXPX_CORROSIVE == 'yes' || answers.Q_TOXPX_INHALATION == 'yes' || answers.Q_TOXPX_AMS == 'yes' || answers.Q_TOXPX_CHEST_PAIN == 'yes'",er_send,TPL_TOXPX_ER_SEND,HIGH
tox_poisoning_exposure,DISP_TOXPX_URGENT_UNKNOWN_OR_VOMIT,50,"answers.Q_TOXPX_UNKNOWN == 'yes' || answers.Q_TOXPX_VOMIT == 'yes'",urgent_care,TPL_TOXPX_URGENT_CARE,HIGH
tox_poisoning_exposure,DISP_TOXPX_URGENT_DEFAULT,99,"true",urgent_care,TPL_TOXPX_URGENT_CARE,HIGH
ortho_trauma_head_injury,DISP_OTHI_EMERG_RF,1,"answers.Q_OTHI_NEURODEF == 'yes' || (answers.Q_OTHI_VOMIT == 'yes' && answers.Q_OTHI_SEVERE_HEADACHE == 'yes') || (answers.Q_OTHI_BLOOD_THINNER == 'yes' && answers.Q_OTHI_VOMIT == 'yes')",er_send,TPL_OTHI_ER_SEND,HIGH
ortho_trauma_head_injury,DISP_OTHI_URGENT_LOC_OR_THINNER,50,"answers.Q_OTHI_LOC == 'yes' || answers.Q_OTHI_BLOOD_THINNER == 'yes' || answers.Q_OTHI_SEVERE_HEADACHE == 'yes' || answers.Q_OTHI_DANGER_MECH == 'yes' || answers.Q_OTHI_VOMIT == 'yes'",urgent_care,TPL_OTHI_URGENT_CARE,HIGH
ortho_trauma_head_injury,DISP_OTHI_ROUTINE_DEFAULT,99,"true",pcp,TPL_OTHI_PCP,HIGH
ortho_trauma_fracture_dislocation,DISP_OTFX_EMERG_RF,1,"answers.Q_OTFX_OPEN == 'yes' || answers.Q_OTFX_NEUROVASCULAR == 'yes' || (answers.Q_OTFX_SEVERE == 'yes' && answers.Q_OTFX_UNABLE_WEIGHT == 'yes')",er_send,TPL_OTFX_ER_SEND,HIGH
ortho_trauma_fracture_dislocation,DISP_OTFX_URGENT_DEFORM_UNABLE,50,"answers.Q_OTFX_DEFORM == 'yes' || answers.Q_OTFX_UNABLE_WEIGHT == 'yes' || answers.Q_OTFX_HIGH_ENERGY == 'yes' || answers.Q_OTFX_SEVERE == 'yes'",urgent_care,TPL_OTFX_URGENT_CARE,HIGH
ortho_trauma_fracture_dislocation,DISP_OTFX_ROUTINE_DEFAULT,99,"true",pcp,TPL_OTFX_PCP,HIGH
ortho_trauma_laceration,DISP_OTLAC_EMERG_BLEED,1,"answers.Q_OTLAC_BLEEDING_UNCONTROLLED == 'yes'",er_send,TPL_OTLAC_ER_SEND,HIGH
ortho_trauma_laceration,DISP_OTLAC_URGENT_TENDON_OR_DEEP,50,"answers.Q_OTLAC_TENDON == 'yes' || answers.Q_OTLAC_NUMB == 'yes' || answers.Q_OTLAC_DEEP == 'yes' || answers.Q_OTLAC_DIRTY == 'yes' || answers.Q_OTLAC_FACE_HAND == 'yes'",urgent_care,TPL_OTLAC_URGENT_CARE,HIGH
ortho_trauma_laceration,DISP_OTLAC_ROUTINE_DEFAULT,99,"true",pcp,TPL_OTLAC_PCP,HIGH
general_fatigue,DISP_GFAT_EMERG_RF,1,"answers.Q_GFAT_CP_SOB == 'yes' || answers.Q_GFAT_SYNCOPE == 'yes' || answers.Q_GFAT_BLEEDING == 'yes' || answers.Q_GFAT_DEPRESSION_SI == 'yes'",er_send,TPL_GFAT_ER_SEND,HIGH
general_fatigue,DISP_GFAT_URGENT_FEVER_OR_WEIGHTLOSS,50,"answers.Q_GFAT_FEVER == 'yes' || answers.Q_GFAT_WEIGHT_LOSS == 'yes'",urgent_care,TPL_GFAT_URGENT_CARE,HIGH
general_fatigue,DISP_GFAT_ROUTINE_DEFAULT,99,"true",pcp,TPL_GFAT_PCP,HIGH
general_generalized_weakness,DISP_GWEAK_EMERG_FOCAL_OR_GLUCOSE_OR_CP,1,"answers.Q_GWEAK_FOCAL == 'yes' || answers.Q_GWEAK_LOW_GLUCOSE == 'yes' || answers.Q_GWEAK_CP_SOB == 'yes'",er_send,TPL_GWEAK_ER_SEND,HIGH
general_generalized_weakness,DISP_GWEAK_URGENT_FEVER_DEHYD_FALL,50,"answers.Q_GWEAK_FEVER == 'yes' || answers.Q_GWEAK_DEHYD == 'yes' || answers.Q_GWEAK_FALL == 'yes'",urgent_care,TPL_GWEAK_URGENT_CARE,HIGH
general_generalized_weakness,DISP_GWEAK_ROUTINE_DEFAULT,99,"true",pcp,TPL_GWEAK_PCP,HIGH
general_nausea_malaise,DISP_GNAUS_EMERG_CARDIAC_OR_BLEED,1,"answers.Q_GNAUS_CP == 'yes' || answers.Q_GNAUS_SOB == 'yes' || answers.Q_GNAUS_BLOOD == 'yes' || (answers.Q_GNAUS_PREG == 'yes' && answers.Q_GNAUS_ABDSEV == 'yes')",er_send,TPL_GNAUS_ER_SEND,HIGH
general_nausea_malaise,DISP_GNAUS_URGENT_DEHYD_OR_PAIN_OR_PREG,50,"answers.Q_GNAUS_DEHYD == 'yes' || answers.Q_GNAUS_ABDSEV == 'yes' || answers.Q_GNAUS_PREG == 'yes'",urgent_care,TPL_GNAUS_URGENT_CARE,HIGH
general_nausea_malaise,DISP_GNAUS_ROUTINE_DEFAULT,99,"true",pcp,TPL_GNAUS_PCP,HIGH
