CC_ID,DX_ID,DX_LABEL,BEST_CLUSTER_ID,BASE_POINTS,CLUSTER_PRIORITY,BASE_SCORE,RANK
abdominal_pain,Gastroenteritis (benign - auto-generated),Gastroenteritis (benign - auto-generated),CL_ABD_GASTROENTERITIS,1,30,0.30,1
abdominal_pain,Constipation (benign - auto-generated),Constipation (benign - auto-generated),CL_ABD_CONSTIPATION,1,30,0.30,2
allergic_rhinitis,Viral Rhinosinusitis (benign - auto-generated),Viral Rhinosinusitis (benign - auto-generated),CL_SP_VIRAL_RHINOSINUSITIS,1,30,0.30,1
allergic_rhinitis,No pain or fever,No pain or fever,CL_AR_BENIGN,3,3,0.09,2
allergic_rhinitis,Pain present,Pain present,CL_AR_SECONDARY,2,2,0.04,3
allergic_rhinitis,Baseline,Baseline,CL_AR_BENIGN,1,3,0.03,4
allergic_rhinitis,Fever present,Fever present,CL_AR_PRIMARY,2,1,0.02,5
allergic_rhinitis,SOB present,SOB present,CL_AR_PRIMARY,2,1,0.02,6
anxiety,Adjustment Stress (benign - auto-generated),Adjustment Stress (benign - auto-generated),CL_ANX_ADJUSTMENT_STRESS,1,30,0.30,1
back_pain,Sprain Strain (benign - auto-generated),Sprain Strain (benign - auto-generated),CL_BACK_SPRAIN_STRAIN,1,30,0.30,1
cardio_chest_pain,Pleuritic + positional pain,Pleuritic + positional pain,CL_CCP_PERICARDITIS,3,80,2.40,1
cardio_chest_pain,acs rule 1,acs rule 1,CL_CCP_ACS,2,100,2.00,2
cardio_chest_pain,acs rule 2,acs rule 2,CL_CCP_ACS,2,100,2.00,3
cardio_chest_pain,acs rule 3,acs rule 3,CL_CCP_ACS,2,100,2.00,4
cardio_chest_pain,pe rule 1,pe rule 1,CL_CCP_PE,2,90,1.80,5
cardio_chest_pain,pe rule 2,pe rule 2,CL_CCP_PE,2,90,1.80,6
cardio_chest_pain,pe rule 3,pe rule 3,CL_CCP_PE,2,90,1.80,7
cardio_chest_pain,Unilateral leg swelling (DVT sign),Unilateral leg swelling (DVT sign),CL_CCP_PE,2,90,1.80,8
cardio_chest_pain,VTE risk factors,VTE risk factors,CL_CCP_PE,2,90,1.80,9
cardio_chest_pain,Reproducible chest wall tenderness,Reproducible chest wall tenderness,CL_CCP_MSK,3,60,1.80,10
cardio_chest_pain,Heartburn/acid reflux,Heartburn/acid reflux,CL_CCP_GERD,3,55,1.65,11
cardio_chest_pain,Recent viral illness,Recent viral illness,CL_CCP_PERICARDITIS,2,80,1.60,12
cardio_chest_pain,acs rule 4,acs rule 4,CL_CCP_ACS,1,100,1.00,13
cardio_chest_pain,pleurisy rule 1,pleurisy rule 1,CL_CCP_PLEURISY,2,50,1.00,14
cardio_chest_pain,msk rule 1,msk rule 1,CL_CCP_MSK,1,60,0.60,15
cardio_leg_swelling,chf_volume rule 1,chf volume rule 1,CL_LGSW_CHF_VOLUME,3,50,1.50,1
cardio_leg_swelling,cellulitis rule 1,cellulitis rule 1,CL_LGSW_CELLULITIS,3,50,1.50,2
cardio_leg_swelling,dvt rule 1,dvt rule 1,CL_LGSW_DVT,2,50,1.00,3
cardio_leg_swelling,dvt rule 2,dvt rule 2,CL_LGSW_DVT,2,50,1.00,4
cardio_leg_swelling,dvt rule 3,dvt rule 3,CL_LGSW_DVT,2,50,1.00,5
cardio_leg_swelling,venous rule 1,venous rule 1,CL_LGSW_VENOUS,1,50,0.50,6
cardio_leg_swelling,Unilateral swelling with infection,Unilateral swelling with infection,CL_LGSW_CELLULITIS,1,50,0.50,7
cardio_palpitations,svt_af rule 1,svt af rule 1,CL_PALP_SVT_AF,3,50,1.50,1
cardio_palpitations,thyroid_related rule 1,thyroid related rule 1,CL_PALP_THYROID_RELATED,3,50,1.50,2
cardio_palpitations,panic_stimulant rule 1,panic stimulant rule 1,CL_PALP_PANIC_STIMULANT,2,50,1.00,3
cardio_palpitations,benign rule 1,benign rule 1,CL_PALP_BENIGN,2,50,1.00,4
cardio_palpitations,Syncope suggests arrhythmia,Syncope suggests arrhythmia,CL_PALP_SVT_AF,2,50,1.00,5
cardio_palpitations,svt_af rule 2,svt af rule 2,CL_PALP_SVT_AF,1,50,0.50,6
chest_pain,Gerd (benign - auto-generated),Gerd (benign - auto-generated),CL_CP_GERD,1,30,0.30,1
chest_pain,Costochondritis (benign - auto-generated),Costochondritis (benign - auto-generated),CL_CP_COSTOCHONDRITIS,1,30,0.30,2
cough,Viral Uri (benign - auto-generated),Viral Uri (benign - auto-generated),CL_C_VIRAL_URI,1,30,0.30,1
cough,No pain or fever,No pain or fever,CL_C_BENIGN,3,3,0.09,2
cough,Pain present,Pain present,CL_C_SECONDARY,2,2,0.04,3
cough,Baseline,Baseline,CL_C_BENIGN,1,3,0.03,4
cough,Fever present,Fever present,CL_C_PRIMARY,2,1,0.02,5
cough,SOB present,SOB present,CL_C_PRIMARY,2,1,0.02,6
dental_pain,No pain or fever,No pain or fever,CL_DP_BENIGN,3,3,0.09,1
dental_pain,Pain present,Pain present,CL_DP_SECONDARY,2,2,0.04,2
dental_pain,Baseline,Baseline,CL_DP_BENIGN,1,3,0.03,3
dental_pain,Fever present,Fever present,CL_DP_PRIMARY,2,1,0.02,4
dental_pain,SOB present,SOB present,CL_DP_PRIMARY,2,1,0.02,5
derm_allergic_reaction,anaphylaxis rule 1,anaphylaxis rule 1,CL_DALRG_ANAPHYLAXIS,4,50,2.00,1
derm_allergic_reaction,anaphylaxis rule 2,anaphylaxis rule 2,CL_DALRG_ANAPHYLAXIS,4,50,2.00,2
derm_allergic_reaction,anaphylaxis rule 3,anaphylaxis rule 3,CL_DALRG_ANAPHYLAXIS,4,50,2.00,3
derm_allergic_reaction,urticaria rule 1,urticaria rule 1,CL_DALRG_URTICARIA,3,50,1.50,4
derm_allergic_reaction,BOOST_ANA_AIRWAY suppressor,BOOST ANA AIRWAY suppressor,CL_DALRG_ANAPHYLAXIS,2,50,1.00,5
derm_allergic_reaction,urticaria rule 2,urticaria rule 2,CL_DALRG_URTICARIA,1,50,0.50,6
derm_allergic_reaction,BOOST_URT_HIVES_ONLY suppressor,BOOST URT HIVES ONLY suppressor,CL_DALRG_URTICARIA,1,50,0.50,7
derm_cellulitis,nec_fas rule 1,nec fas rule 1,CL_DCELL_NEC_FAS,4,70,2.80,1
derm_cellulitis,abscess rule 1,abscess rule 1,CL_DCELL_ABSCESS,3,80,2.40,2
derm_cellulitis,cellulitis rule 1,cellulitis rule 1,CL_DCELL_CELLULITIS,2,90,1.80,3
derm_cellulitis,cellulitis rule 2,cellulitis rule 2,CL_DCELL_CELLULITIS,2,90,1.80,4
derm_cellulitis,cellulitis rule 3,cellulitis rule 3,CL_DCELL_CELLULITIS,1,90,0.90,5
derm_cellulitis,BOOST_CELL_FEVER_SPREAD_V3 suppressor,BOOST CELL FEVER SPREAD V3 suppressor,CL_DCELL_CELLULITIS,1,90,0.90,6
derm_rash,meningococcemia purpura,meningococcemia purpura,CL_DRSH_MENINGOCOCCEMIA,5,100,5.00,1
derm_rash,SJS mucosal involvement,SJS mucosal involvement,CL_DRSH_SJS_TEN,4,95,3.80,2
derm_rash,SJS blistering/peeling,SJS blistering/peeling,CL_DRSH_SJS_TEN,4,95,3.80,3
derm_rash,vasculitic purpura,vasculitic purpura,CL_DRSH_VASCULITIC,4,80,3.20,4
derm_rash,meningococcemia meningitis signs,meningococcemia meningitis signs,CL_DRSH_MENINGOCOCCEMIA,3,100,3.00,5
derm_rash,tickborne tick exposure,tickborne tick exposure,CL_DRSH_TICKBORNE,3,70,2.10,6
derm_rash,meningococcemia fever,meningococcemia fever,CL_DRSH_MENINGOCOCCEMIA,2,100,2.00,7
derm_rash,meningococcemia hypotension,meningococcemia hypotension,CL_DRSH_MENINGOCOCCEMIA,2,100,2.00,8
derm_rash,SJS new medication,SJS new medication,CL_DRSH_SJS_TEN,2,95,1.90,9
derm_rash,SJS painful rash,SJS painful rash,CL_DRSH_SJS_TEN,2,95,1.90,10
derm_rash,drug exanthem new medication,drug exanthem new medication,CL_DRSH_DRUG_EXANTHEM,3,60,1.80,11
derm_rash,vasculitic arthralgia,vasculitic arthralgia,CL_DRSH_VASCULITIC,2,80,1.60,12
derm_rash,tickborne fever,tickborne fever,CL_DRSH_TICKBORNE,2,70,1.40,13
derm_rash,viral exanthem fever,viral exanthem fever,CL_DRSH_VIRAL_EXANTHEM,2,50,1.00,14
derm_rash,viral exanthem no new med,viral exanthem no new med,CL_DRSH_VIRAL_EXANTHEM,2,50,1.00,15
diarrhea,Viral Gastroenteritis (benign - auto-generated),Viral Gastroenteritis (benign - auto-generated),CL_DIARRHEA_VIRAL_GASTROENTERITIS,1,30,0.30,1
dysuria,Irritant Urethritis (benign - auto-generated),Irritant Urethritis (benign - auto-generated),CL_DYSURIA_IRRITANT_URETHRITIS,1,30,0.30,1
endo_hyperglycemia,Confusion present,Confusion present,CL_EHYPR_DKA_HHS,4,100,4.00,1
endo_hyperglycemia,Kussmaul breathing,Kussmaul breathing,CL_EHYPR_DKA_HHS,3,100,3.00,2
endo_hyperglycemia,Fruity breath,Fruity breath,CL_EHYPR_DKA_HHS,3,100,3.00,3
endo_hyperglycemia,Vomiting,Vomiting,CL_EHYPR_DKA_HHS,2,100,2.00,4
endo_hyperglycemia,Missed insulin,Missed insulin,CL_EHYPR_DKA_HHS,2,100,2.00,5
endo_hyperglycemia,Infection present,Infection present,CL_EHYPR_STRESS_HYPERGLYCEMIA,3,50,1.50,6
endo_hyperglycemia,Known diabetic,Known diabetic,CL_EHYPR_UNCONTROLLED_HYPERGLYCEMIA,2,70,1.40,7
endo_hyperglycemia,Polyuria,Polyuria,CL_EHYPR_UNCONTROLLED_HYPERGLYCEMIA,2,70,1.40,8
endo_hyperglycemia,Polydipsia,Polydipsia,CL_EHYPR_UNCONTROLLED_HYPERGLYCEMIA,2,70,1.40,9
endo_hyperglycemia,Not known diabetic,Not known diabetic,CL_EHYPR_STRESS_HYPERGLYCEMIA,1,50,0.50,10
endo_hypoglycemia,severe_hypoglycemia rule 1,severe hypoglycemia rule 1,CL_EHYPO_SEVERE_HYPOGLYCEMIA,5,50,2.50,1
endo_hypoglycemia,severe_hypoglycemia rule 2,severe hypoglycemia rule 2,CL_EHYPO_SEVERE_HYPOGLYCEMIA,4,50,2.00,2
endo_hypoglycemia,severe_hypoglycemia rule 3,severe hypoglycemia rule 3,CL_EHYPO_SEVERE_HYPOGLYCEMIA,4,50,2.00,3
endo_hypoglycemia,mild_hypoglycemia rule 1,mild hypoglycemia rule 1,CL_EHYPO_MILD_HYPOGLYCEMIA,3,50,1.50,4
endo_hypoglycemia,med_related rule 1,med related rule 1,CL_EHYPO_MED_RELATED,2,50,1.00,5
endo_hypoglycemia,BOOST_SEV_CONFUSION suppressor,BOOST SEV CONFUSION suppressor,CL_EHYPO_SEVERE_HYPOGLYCEMIA,2,50,1.00,6
endo_hypoglycemia,BOOST_SEV_SYNCOPE suppressor,BOOST SEV SYNCOPE suppressor,CL_EHYPO_SEVERE_HYPOGLYCEMIA,2,50,1.00,7
endo_thyroid_symptoms,thyroid_storm rule 1,thyroid storm rule 1,CL_ETHYR_THYROID_STORM,5,50,2.50,1
endo_thyroid_symptoms,BOOST_STORM_DELIR suppressor,BOOST STORM DELIR suppressor,CL_ETHYR_THYROID_STORM,4,50,2.00,2
endo_thyroid_symptoms,hypothyroid rule 1,hypothyroid rule 1,CL_ETHYR_HYPOTHYROID,3,50,1.50,3
endo_thyroid_symptoms,hyperthyroid rule 1,hyperthyroid rule 1,CL_ETHYR_HYPERTHYROID,2,50,1.00,4
endo_thyroid_symptoms,hyperthyroid rule 2,hyperthyroid rule 2,CL_ETHYR_HYPERTHYROID,2,50,1.00,5
endo_thyroid_symptoms,hyperthyroid rule 3,hyperthyroid rule 3,CL_ETHYR_HYPERTHYROID,2,50,1.00,6
endo_thyroid_symptoms,hypothyroid rule 2,hypothyroid rule 2,CL_ETHYR_HYPOTHYROID,2,50,1.00,7
endo_thyroid_symptoms,BOOST_STORM_TACHY_CP suppressor,BOOST STORM TACHY CP suppressor,CL_ETHYR_THYROID_STORM,2,50,1.00,8
endo_thyroid_symptoms,BOOST_HYPO_WEIGHTGAIN suppressor,BOOST HYPO WEIGHTGAIN suppressor,CL_ETHYR_HYPOTHYROID,2,50,1.00,9
ent_ear_pain,Mastoid signs,Mastoid signs,CL_EAR_MASTOIDITIS,10,50,5.00,1
ent_ear_pain,Ear drainage,Ear drainage,CL_EAR_PERFORATION,5,50,2.50,2
ent_ear_pain,Tragus/pinna pain,Tragus/pinna pain,CL_EAR_OTITIS_EXTERNA,4,50,2.00,3
ent_ear_pain,Fever with mastoid,Fever with mastoid,CL_EAR_MASTOIDITIS,3,50,1.50,4
ent_ear_pain,Water exposure,Water exposure,CL_EAR_OTITIS_EXTERNA,2,50,1.00,5
ent_ear_pain,Fever,Fever,CL_EAR_AOM,2,50,1.00,6
ent_ear_pain,Hearing loss/fullness,Hearing loss/fullness,CL_EAR_AOM,2,50,1.00,7
ent_ear_pain,Short duration,Short duration,CL_EAR_AOM,1,50,0.50,8
ent_ear_pain,Hearing change with perf,Hearing change with perf,CL_EAR_PERFORATION,1,50,0.50,9
ent_epistaxis,Heavy bleeding,Heavy bleeding,CL_EPIX_POSTERIOR,5,80,4.00,1
ent_epistaxis,Prolonged >20 min,Prolonged >20 min,CL_EPIX_POSTERIOR,4,80,3.20,2
ent_epistaxis,Active bleeding,Active bleeding,CL_EPIX_ANTERIOR,3,70,2.10,3
ent_epistaxis,On anticoagulation,On anticoagulation,CL_EPIX_POSTERIOR,2,80,1.60,4
ent_epistaxis,Brief episode,Brief episode,CL_EPIX_ANTERIOR,2,70,1.40,5
ent_nasal_congestion,Itchy eyes/nose,Itchy eyes/nose,CL_NC_ALLERGIC_RHINITIS,4,50,2.00,1
ent_nasal_congestion,Duration 10+ days,Duration 10+ days,CL_NC_BACTERIAL_SINUSITIS,4,50,2.00,2
ent_nasal_congestion,Duration 10 days or less,Duration 10 days or less,CL_NC_VIRAL_URI,3,50,1.50,3
ent_nasal_congestion,Watery discharge,Watery discharge,CL_NC_ALLERGIC_RHINITIS,3,50,1.50,4
ent_nasal_congestion,Purulent discharge,Purulent discharge,CL_NC_BACTERIAL_SINUSITIS,3,50,1.50,5
ent_nasal_congestion,Facial pain/pressure,Facial pain/pressure,CL_NC_BACTERIAL_SINUSITIS,3,50,1.50,6
ent_nasal_congestion,Fever with URI,Fever with URI,CL_NC_VIRAL_URI,2,50,1.00,7
ent_nasal_congestion,No fever (allergic),No fever (allergic),CL_NC_ALLERGIC_RHINITIS,2,50,1.00,8
ent_nasal_congestion,Fever,Fever,CL_NC_BACTERIAL_SINUSITIS,2,50,1.00,9
ent_sinus_pressure,Periorbital swelling,Periorbital swelling,CL_SINUS_ORBITAL_RISK,10,50,5.00,1
ent_sinus_pressure,Vision changes,Vision changes,CL_SINUS_ORBITAL_RISK,10,50,5.00,2
ent_sinus_pressure,Severe headache,Severe headache,CL_SINUS_INTRACRANIAL_RISK,10,50,5.00,3
ent_sinus_pressure,Neck stiffness,Neck stiffness,CL_SINUS_INTRACRANIAL_RISK,10,50,5.00,4
ent_sinus_pressure,Immunocompromised,Immunocompromised,CL_SINUS_IMMUNO_HIGH_RISK,10,50,5.00,5
ent_sinus_pressure,Confusion,Confusion,CL_SINUS_INTRACRANIAL_RISK,8,50,4.00,6
ent_sinus_pressure,Duration 10+ days,Duration 10+ days,CL_SINUS_BACTERIAL,5,50,2.50,7
ent_sinus_pressure,Double worsening,Double worsening,CL_SINUS_BACTERIAL,5,50,2.50,8
ent_sinus_pressure,Fever in immunocompromised,Fever in immunocompromised,CL_SINUS_IMMUNO_HIGH_RISK,5,50,2.50,9
ent_sinus_pressure,Duration under 10 days,Duration under 10 days,CL_SINUS_VIRAL,3,50,1.50,10
ent_sinus_pressure,Purulent discharge,Purulent discharge,CL_SINUS_BACTERIAL,3,50,1.50,11
ent_sinus_pressure,Fever present,Fever present,CL_SINUS_BACTERIAL,3,50,1.50,12
ent_sinus_pressure,Severe facial pain,Severe facial pain,CL_SINUS_BACTERIAL,3,50,1.50,13
ent_sinus_pressure,No fever,No fever,CL_SINUS_VIRAL,2,50,1.00,14
ent_sinus_pressure,Fever with orbital signs,Fever with orbital signs,CL_SINUS_ORBITAL_RISK,2,50,1.00,15
ent_sore_throat,Drooling (airway risk),Drooling (airway risk),CL_ENT_EPIGLOTTITIS_LIKE,4,100,4.00,1
ent_sore_throat,Trismus/muffled voice,Trismus/muffled voice,CL_ENT_PTA,4,95,3.80,2
ent_sore_throat,SOB/stridor (airway risk),SOB/stridor (airway risk),CL_ENT_EPIGLOTTITIS_LIKE,3,100,3.00,3
ent_sore_throat,Uvula deviation,Uvula deviation,CL_ENT_PTA,3,95,2.85,4
ent_sore_throat,Fatigue/spleen history,Fatigue/spleen history,CL_ENT_MONO,4,70,2.80,5
ent_sore_throat,Fever (Centor),Fever (Centor),CL_ENT_STREP_LIKE,2,80,1.60,6
ent_sore_throat,No cough (Centor),No cough (Centor),CL_ENT_STREP_LIKE,2,80,1.60,7
ent_sore_throat,Tonsillar exudate,Tonsillar exudate,CL_ENT_STREP_LIKE,2,80,1.60,8
ent_sore_throat,Unvaccinated Hib,Unvaccinated Hib,CL_ENT_EPIGLOTTITIS_LIKE,1,100,1.00,9
ent_sore_throat,Cough present (viral marker),Cough present (viral marker),CL_ENT_VIRAL_PHARYNGITIS,2,50,1.00,10
ent_sore_throat,Fever with PTA signs,Fever with PTA signs,CL_ENT_PTA,1,95,0.95,11
ent_sore_throat,Tender cervical nodes,Tender cervical nodes,CL_ENT_STREP_LIKE,1,80,0.80,12
ent_sore_throat,Exudate in mono,Exudate in mono,CL_ENT_MONO,1,70,0.70,13
ent_sore_throat,No fever,No fever,CL_ENT_VIRAL_PHARYNGITIS,1,50,0.50,14
environmental_heat_illness,AMS present,AMS present,CL_ENV_HEAT_STROKE,6,100,6.00,1
environmental_heat_illness,High core temp,High core temp,CL_ENV_HEAT_STROKE,4,100,4.00,2
environmental_heat_illness,Anhidrosis,Anhidrosis,CL_ENV_HEAT_STROKE,2,100,2.00,3
environmental_heat_illness,Syncope,Syncope,CL_ENV_HEAT_STROKE,2,100,2.00,4
environmental_heat_illness,Cramps,Cramps,CL_ENV_HEAT_CRAMPS_DEHYD,3,60,1.80,5
environmental_heat_illness,Exertional,Exertional,CL_ENV_HEAT_EXHAUSTION,2,70,1.40,6
environmental_heat_illness,Dehydration,Dehydration,CL_ENV_HEAT_EXHAUSTION,2,70,1.40,7
environmental_hypothermia_cold_exposure,Frostbite signs,Frostbite signs,CL_ENV_FROSTBITE,6,90,5.40,1
environmental_hypothermia_cold_exposure,Confusion,Confusion,CL_ENV_HYPO_SEVERE,5,100,5.00,2
environmental_hypothermia_cold_exposure,Shivering stopped,Shivering stopped,CL_ENV_HYPO_SEVERE,5,100,5.00,3
environmental_hypothermia_cold_exposure,Collapse,Collapse,CL_ENV_HYPO_SEVERE,3,100,3.00,4
environmental_hypothermia_cold_exposure,Wet exposure,Wet exposure,CL_ENV_HYPO_MILD,2,60,1.20,5
environmental_hypothermia_cold_exposure,Intoxication,Intoxication,CL_ENV_HYPO_MILD,2,60,1.20,6
general_fatigue,anemia_bleed rule 2,anemia bleed rule 2,CL_GFAT_ANEMIA_BLEED,5,50,2.50,1
general_fatigue,cardiopulmonary rule 3,cardiopulmonary rule 3,CL_GFAT_CARDIOPULMONARY,5,50,2.50,2
general_fatigue,orthostasis rule 4,orthostasis rule 4,CL_GFAT_ORTHOSTASIS,4,50,2.00,3
general_fatigue,systemic_disease rule 5,systemic disease rule 5,CL_GFAT_SYSTEMIC_DISEASE,3,50,1.50,4
general_fatigue,viral_illness rule 1,viral illness rule 1,CL_GFAT_VIRAL_ILLNESS,2,50,1.00,5
general_fatigue,benign_fatigue rule 6,benign fatigue rule 6,CL_GFAT_BENIGN_FATIGUE,1,50,0.50,6
general_generalized_weakness,stroke_like rule 1,stroke like rule 1,CL_GWEAK_STROKE_LIKE,6,50,3.00,1
general_generalized_weakness,hypoglycemia rule 4,hypoglycemia rule 4,CL_GWEAK_HYPOGLYCEMIA,5,50,2.50,2
general_generalized_weakness,dehydration rule 3,dehydration rule 3,CL_GWEAK_DEHYDRATION,3,50,1.50,3
general_generalized_weakness,viral_illness rule 2,viral illness rule 2,CL_GWEAK_VIRAL_ILLNESS,2,50,1.00,4
general_generalized_weakness,deconditioning rule 5,deconditioning rule 5,CL_GWEAK_DECONDITIONING,2,50,1.00,5
general_generalized_weakness,deconditioning rule 6,deconditioning rule 6,CL_GWEAK_DECONDITIONING,1,50,0.50,6
general_nausea_malaise,gi_bleed rule 3,gi bleed rule 3,CL_GNAUS_GI_BLEED,5,50,2.50,1
general_nausea_malaise,cardiac_mimic rule 4,cardiac mimic rule 4,CL_GNAUS_CARDIAC_MIMIC,5,50,2.50,2
general_nausea_malaise,dehydration rule 2,dehydration rule 2,CL_GNAUS_DEHYDRATION,3,50,1.50,3
general_nausea_malaise,preg_related rule 5,preg related rule 5,CL_GNAUS_PREG_RELATED,3,50,1.50,4
general_nausea_malaise,gastroenteritis rule 1,gastroenteritis rule 1,CL_GNAUS_GASTROENTERITIS,2,50,1.00,5
gi_abdominal_pain,RLQ pain,RLQ pain,CL_ABD_APPENDICITIS,3,95,2.85,1
gi_abdominal_pain,RUQ pain,RUQ pain,CL_ABD_CHOLECYSTITIS,3,90,2.70,2
gi_abdominal_pain,Epigastric location,Epigastric location,CL_ABD_PANCREATITIS,3,85,2.55,3
gi_abdominal_pain,LLQ pain,LLQ pain,CL_ABD_DIVERTICULITIS,3,80,2.40,4
gi_abdominal_pain,Vomiting,Vomiting,CL_ABD_OBSTRUCTION,2,100,2.00,5
gi_abdominal_pain,Bowel obstruction pattern,Bowel obstruction pattern,CL_ABD_OBSTRUCTION,2,100,2.00,6
gi_abdominal_pain,RLQ migration,RLQ migration,CL_ABD_APPENDICITIS,2,95,1.90,7
gi_abdominal_pain,Worse after fatty meals,Worse after fatty meals,CL_ABD_CHOLECYSTITIS,2,90,1.80,8
gi_abdominal_pain,Murphy sign,Murphy sign,CL_ABD_CHOLECYSTITIS,2,90,1.80,9
gi_abdominal_pain,Back radiation,Back radiation,CL_ABD_PANCREATITIS,2,85,1.70,10
gi_abdominal_pain,Severe pain,Severe pain,CL_ABD_OBSTRUCTION,1,100,1.00,11
gi_abdominal_pain,Diffuse,Diffuse,CL_ABD_OBSTRUCTION,1,100,1.00,12
gi_abdominal_pain,Prior surgery/adhesions,Prior surgery/adhesions,CL_ABD_OBSTRUCTION,1,100,1.00,13
gi_abdominal_pain,Fever,Fever,CL_ABD_APPENDICITIS,1,95,0.95,14
gi_abdominal_pain,Anorexia,Anorexia,CL_ABD_APPENDICITIS,1,95,0.95,15
gi_acute_pancreatitis_like,Epigastric pain,Epigastric pain,CL_PANC_PANCREATITIS,2,50,1.00,1
gi_acute_pancreatitis_like,Back radiation,Back radiation,CL_PANC_PANCREATITIS,2,50,1.00,2
gi_acute_pancreatitis_like,Gallstones,Gallstones,CL_PANC_BILIARY,2,50,1.00,3
gi_acute_pancreatitis_like,Vomiting,Vomiting,CL_PANC_PANCREATITIS,1,50,0.50,4
gi_acute_pancreatitis_like,Alcohol,Alcohol,CL_PANC_PANCREATITIS,1,50,0.50,5
gi_acute_pancreatitis_like,Epigastric,Epigastric,CL_PANC_GASTRITIS_ULCER,1,50,0.50,6
gi_acute_pancreatitis_like,No back radiation,No back radiation,CL_PANC_GASTRITIS_ULCER,1,50,0.50,7
gi_acute_pancreatitis_like,Fever,Fever,CL_PANC_BILIARY,1,50,0.50,8
gi_constipation,No gas,No gas,CL_CONST_OBSTRUCTION,3,50,1.50,1
gi_constipation,Vomiting,Vomiting,CL_CONST_OBSTRUCTION,2,50,1.00,2
gi_constipation,Duration 3+,Duration 3+,CL_CONST_FUNCTIONAL,1,50,0.50,3
gi_constipation,No severe pain,No severe pain,CL_CONST_FUNCTIONAL,1,50,0.50,4
gi_constipation,No vomiting,No vomiting,CL_CONST_FUNCTIONAL,1,50,0.50,5
gi_constipation,Severe pain,Severe pain,CL_CONST_OBSTRUCTION,1,50,0.50,6
gi_constipation,Fever suggests obstruction,Fever suggests obstruction,CL_CONST_OBSTRUCTION,1,50,0.50,7
gi_constipation,Prolonged obstipation,Prolonged obstipation,CL_CONST_OBSTRUCTION,1,50,0.50,8
gi_diarrhea,Bloody,Bloody,CL_DIARR_INVASIVE_BACTERIAL,3,50,1.50,1
gi_diarrhea,Recent antibiotics,Recent antibiotics,CL_DIARR_C_DIFF,3,50,1.50,2
gi_diarrhea,Short duration,Short duration,CL_DIARR_VIRAL_GASTRO,2,50,1.00,3
gi_diarrhea,No blood,No blood,CL_DIARR_VIRAL_GASTRO,2,50,1.00,4
gi_diarrhea,Fever,Fever,CL_DIARR_INVASIVE_BACTERIAL,2,50,1.00,5
gi_diarrhea,Travel history,Travel history,CL_DIARR_TRAVELERS,2,50,1.00,6
gi_diarrhea,Fever plus travel invasive,Fever plus travel invasive,CL_DIARR_INVASIVE_BACTERIAL,2,50,1.00,7
gi_diarrhea,ABX plus travel c_diff risk,ABX plus travel c diff risk,CL_DIARR_C_DIFF,2,50,1.00,8
gi_diarrhea,Benign travelers diarrhea,Benign travelers diarrhea,CL_DIARR_TRAVELERS,2,50,1.00,9
gi_diarrhea,BOOST_BACT_BLOOD_V1 suppressor,BOOST BACT BLOOD V1 suppressor,CL_DIARR_INVASIVE_BACTERIAL,2,50,1.00,10
gi_diarrhea,No fever,No fever,CL_DIARR_VIRAL_GASTRO,1,50,0.50,11
gi_diarrhea,Severe pain,Severe pain,CL_DIARR_INVASIVE_BACTERIAL,1,50,0.50,12
gi_diarrhea,Duration 3+,Duration 3+,CL_DIARR_C_DIFF,1,50,0.50,13
gi_diarrhea,High frequency,High frequency,CL_DIARR_C_DIFF,1,50,0.50,14
gi_diarrhea,Immunocompromised c_diff risk,Immunocompromised c diff risk,CL_DIARR_C_DIFF,1,50,0.50,15
gi_dysphagia,Food stuck,Food stuck,CL_DYSPH_IMPACTION,3,80,2.40,1
gi_dysphagia,Weight loss,Weight loss,CL_DYSPH_MALIGNANCY,3,70,2.10,2
gi_dysphagia,Odynophagia,Odynophagia,CL_DYSPH_GERD_ESOPHAGITIS,1,60,0.60,3
gi_dysphagia,No weight loss,No weight loss,CL_DYSPH_STRICTURE,1,50,0.50,4
gi_gi_bleeding,Hematemesis,Hematemesis,CL_GIB_UPPER_GI,3,50,1.50,1
gi_gi_bleeding,Hematochezia,Hematochezia,CL_GIB_LOWER_GI,3,50,1.50,2
gi_gi_bleeding,Melena,Melena,CL_GIB_UPPER_GI,2,50,1.00,3
gi_gi_bleeding,Maroon stool,Maroon stool,CL_GIB_LOWER_GI,2,50,1.00,4
gi_jaundice,Dark urine,Dark urine,CL_JAUND_BILIARY_OBSTRUCTION,2,50,1.00,1
gi_jaundice,RUQ pain,RUQ pain,CL_JAUND_BILIARY_OBSTRUCTION,2,50,1.00,2
gi_jaundice,Itching,Itching,CL_JAUND_BILIARY_OBSTRUCTION,1,50,0.50,3
gi_jaundice,Fever,Fever,CL_JAUND_HEPATITIS,1,50,0.50,4
gi_jaundice,No RUQ pain,No RUQ pain,CL_JAUND_HEPATITIS,1,50,0.50,5
gi_vomiting,Severe pain,Severe pain,CL_VOM_PANCREATITIS_LIKE,2,50,1.00,1
gi_vomiting,Fever,Fever,CL_VOM_GASTROENTERITIS,1,50,0.50,2
gi_vomiting,Short duration,Short duration,CL_VOM_GASTROENTERITIS,1,50,0.50,3
gi_vomiting,No blood,No blood,CL_VOM_GASTRITIS,1,50,0.50,4
gi_vomiting,No severe pain,No severe pain,CL_VOM_GASTRITIS,1,50,0.50,5
gi_vomiting,Bilious vomiting,Bilious vomiting,CL_VOM_PANCREATITIS_LIKE,1,50,0.50,6
gi_vomiting,Acute onset pancreatitis,Acute onset pancreatitis,CL_VOM_PANCREATITIS_LIKE,1,50,0.50,7
gu_dysuria_uti,Discharge,Discharge,CL_DUTI_STI_URETHRITIS,3,50,1.50,1
gu_dysuria_uti,Fever,Fever,CL_DUTI_PYELONEPHRITIS,2,50,1.00,2
gu_dysuria_uti,Flank pain,Flank pain,CL_DUTI_PYELONEPHRITIS,2,50,1.00,3
gu_dysuria_uti,No fever,No fever,CL_DUTI_CYSTITIS,1,50,0.50,4
gu_dysuria_uti,No flank pain,No flank pain,CL_DUTI_CYSTITIS,1,50,0.50,5
gu_flank_pain,Fever,Fever,CL_FLNK_INFECTED_OBSTRUCTING_STONE,3,100,3.00,1
gu_flank_pain,Stone features,Stone features,CL_FLNK_INFECTED_OBSTRUCTING_STONE,2,100,2.00,2
gu_flank_pain,Urinary symptoms,Urinary symptoms,CL_FLNK_PYELONEPHRITIS,2,90,1.80,3
gu_flank_pain,CVA tenderness,CVA tenderness,CL_FLNK_PYELONEPHRITIS,2,90,1.80,4
gu_flank_pain,Hematuria,Hematuria,CL_FLNK_NEPHROLITHIASIS,2,70,1.40,5
gu_flank_pain,Colicky pain,Colicky pain,CL_FLNK_NEPHROLITHIASIS,2,70,1.40,6
gu_flank_pain,Rigors,Rigors,CL_FLNK_INFECTED_OBSTRUCTING_STONE,1,100,1.00,7
gu_flank_pain,Systemic: unable PO or vomiting,Systemic: unable PO or vomiting,CL_FLNK_INFECTED_OBSTRUCTING_STONE,1,100,1.00,8
gu_flank_pain,Trauma,Trauma,CL_FLNK_MSK,2,50,1.00,9
gu_flank_pain,No renal/infection signs,No renal/infection signs,CL_FLNK_MSK,2,50,1.00,10
gu_flank_pain,Immunocompromised,Immunocompromised,CL_FLNK_PYELONEPHRITIS,1,90,0.90,11
gu_flank_pain,Stone history,Stone history,CL_FLNK_NEPHROLITHIASIS,1,70,0.70,12
gu_flank_pain,No fever (simple stone),No fever (simple stone),CL_FLNK_NEPHROLITHIASIS,1,70,0.70,13
gu_hematuria,On anticoagulation,On anticoagulation,CL_HEMU_ANTICOAG,3,50,1.50,1
gu_hematuria,Stone pain,Stone pain,CL_HEMU_STONE,2,50,1.00,2
gu_hematuria,No fever,No fever,CL_HEMU_STONE,1,50,0.50,3
gu_hematuria,Fever,Fever,CL_HEMU_UTI,1,50,0.50,4
gu_pelvic_pain_possible_ovarian_torsion,Sudden onset,Sudden onset,CL_PPOT_TORSION,3,50,1.50,1
gu_pelvic_pain_possible_ovarian_torsion,Vomiting,Vomiting,CL_PPOT_TORSION,2,50,1.00,2
gu_pelvic_pain_possible_ovarian_torsion,Pregnancy,Pregnancy,CL_PPOT_ECTOPIC,2,50,1.00,3
gu_pelvic_pain_possible_ovarian_torsion,Bleeding,Bleeding,CL_PPOT_ECTOPIC,2,50,1.00,4
gu_pelvic_pain_possible_ovarian_torsion,Fever,Fever,CL_PPOT_PID,2,50,1.00,5
gu_pelvic_pain_possible_ovarian_torsion,Discharge,Discharge,CL_PPOT_PID,2,50,1.00,6
gu_pelvic_pain_possible_ovarian_torsion,Sudden pain,Sudden pain,CL_PPOT_CYST,1,50,0.50,7
gu_sti_exposure_discharge,Ulcers/blisters,Ulcers/blisters,CL_STID_HERPES,3,50,1.50,1
gu_sti_exposure_discharge,Pelvic pain,Pelvic pain,CL_STID_PID,2,50,1.00,2
gu_sti_exposure_discharge,No ulcers,No ulcers,CL_STID_GON_CHLAM,1,50,0.50,3
gu_sti_exposure_discharge,Fever,Fever,CL_STID_PID,1,50,0.50,4
gu_testicular_pain,Sudden onset,Sudden onset,CL_TPAIN_TORSION,3,50,1.50,1
gu_testicular_pain,Trauma,Trauma,CL_TPAIN_TRAUMA,3,50,1.50,2
gu_testicular_pain,High-riding,High-riding,CL_TPAIN_TORSION,2,50,1.00,3
gu_testicular_pain,Discharge,Discharge,CL_TPAIN_EPIDIDYMITIS,2,50,1.00,4
gu_testicular_pain,Nausea,Nausea,CL_TPAIN_TORSION,1,50,0.50,5
gu_testicular_pain,Fever,Fever,CL_TPAIN_EPIDIDYMITIS,1,50,0.50,6
gu_testicular_pain_prostatitis,Sudden onset,Sudden onset,CL_GU_TORSION,4,50,2.00,1
gu_testicular_pain_prostatitis,Skin changes,Skin changes,CL_GU_FOURNIER,4,50,2.00,2
gu_testicular_pain_prostatitis,Crepitus,Crepitus,CL_GU_FOURNIER,4,50,2.00,3
gu_testicular_pain_prostatitis,Groin bulge,Groin bulge,CL_GU_HERNIA,4,50,2.00,4
gu_testicular_pain_prostatitis,Trauma history,Trauma history,CL_GU_TRAUMA,4,50,2.00,5
gu_testicular_pain_prostatitis,Flank to groin pain,Flank to groin pain,CL_GU_STONE_REF,4,50,2.00,6
gu_testicular_pain_prostatitis,Severe pain,Severe pain,CL_GU_TORSION,3,50,1.50,7
gu_testicular_pain_prostatitis,High-riding testis,High-riding testis,CL_GU_TORSION,3,50,1.50,8
gu_testicular_pain_prostatitis,Discharge,Discharge,CL_GU_EPID_STI,3,50,1.50,9
gu_testicular_pain_prostatitis,New sexual partner,New sexual partner,CL_GU_EPID_STI,3,50,1.50,10
gu_testicular_pain_prostatitis,Older age,Older age,CL_GU_EPID_ENTERIC,3,50,1.50,11
gu_testicular_pain_prostatitis,Urinary symptoms,Urinary symptoms,CL_GU_EPID_ENTERIC,3,50,1.50,12
gu_testicular_pain_prostatitis,Fever,Fever,CL_GU_FOURNIER,3,50,1.50,13
gu_testicular_pain_prostatitis,Obstruction symptoms,Obstruction symptoms,CL_GU_HERNIA,3,50,1.50,14
gu_testicular_pain_prostatitis,Perineal pain,Perineal pain,CL_GU_PROSTATITIS,3,50,1.50,15
gu_urinary_retention,Neurologic signs,Neurologic signs,CL_URET_NEUROGENIC,3,80,2.40,1
gu_urinary_retention,Blood/clots,Blood/clots,CL_URET_CLOT_RETENTION,3,50,1.50,2
gu_urinary_retention,Unable to void,Unable to void,CL_URET_BPH_OBSTRUCTION,2,70,1.40,3
gu_urinary_retention,No fever,No fever,CL_URET_BPH_OBSTRUCTION,1,70,0.70,4
gu_uti_symptoms,Pregnancy,Pregnancy,CL_GU_PREGNANCY_UTI,6,50,3.00,1
gu_uti_symptoms,Flank pain,Flank pain,CL_GU_PYELO,4,50,2.00,2
gu_uti_symptoms,Confusion (AMS),Confusion (AMS),CL_GU_UROSEPSIS,4,50,2.00,3
gu_uti_symptoms,Immunocompromised,Immunocompromised,CL_GU_IMMUNO,4,50,2.00,4
gu_uti_symptoms,Gross hematuria,Gross hematuria,CL_GU_HEMATURIA,4,50,2.00,5
gu_uti_symptoms,Colicky pain,Colicky pain,CL_GU_RENAL_STONE,4,50,2.00,6
gu_uti_symptoms,Dysuria present,Dysuria present,CL_GU_CYSTITIS,3,50,1.50,7
gu_uti_symptoms,Fever present,Fever present,CL_GU_PYELO,3,50,1.50,8
gu_uti_symptoms,Fever (systemic),Fever (systemic),CL_GU_UROSEPSIS,3,50,1.50,9
gu_uti_symptoms,Severe weakness,Severe weakness,CL_GU_UROSEPSIS,3,50,1.50,10
gu_uti_symptoms,Male patient,Male patient,CL_GU_MALE_UTI,3,50,1.50,11
gu_uti_symptoms,Fever in immunocompromised,Fever in immunocompromised,CL_GU_IMMUNO,3,50,1.50,12
gu_uti_symptoms,Blood clots,Blood clots,CL_GU_HEMATURIA,3,50,1.50,13
gu_uti_symptoms,Groin radiation,Groin radiation,CL_GU_RENAL_STONE,3,50,1.50,14
gu_uti_symptoms,Urethral discharge,Urethral discharge,CL_GU_STI_MIMIC,3,50,1.50,15
gu_vaginal_bleeding,Pregnancy,Pregnancy,CL_VBLD_PREG_RELATED,3,50,1.50,1
gu_vaginal_bleeding,Heavy bleeding,Heavy bleeding,CL_VBLD_STRUCTURAL,2,50,1.00,2
gu_vaginal_bleeding,Not pregnant,Not pregnant,CL_VBLD_HORMONAL,1,50,0.50,3
gyn_pelvic_pain,Pregnancy,Pregnancy,CL_GYN_ECTOPIC,4,50,2.00,1
gyn_pelvic_pain,Hypotension,Hypotension,CL_GYN_SEPSIS,4,50,2.00,2
gyn_pelvic_pain,Sudden onset,Sudden onset,CL_GYN_TORSION,4,50,2.00,3
gyn_pelvic_pain,Severe unilateral,Severe unilateral,CL_GYN_TORSION,4,50,2.00,4
gyn_pelvic_pain,Cyclical pain,Cyclical pain,CL_GYN_ENDOMETRIOSIS,4,50,2.00,5
gyn_pelvic_pain,Heavy bleeding,Heavy bleeding,CL_GYN_FIBROIDS,4,50,2.00,6
gyn_pelvic_pain,Dysuria,Dysuria,CL_GYN_UTI_MIMIC,4,50,2.00,7
gyn_pelvic_pain,RLQ pain,RLQ pain,CL_GYN_APPENDICITIS,4,50,2.00,8
gyn_pelvic_pain,Confusion,Confusion,CL_GYN_SEPSIS,4,50,2.00,9
gyn_pelvic_pain,Vaginal bleeding,Vaginal bleeding,CL_GYN_ECTOPIC,3,50,1.50,10
gyn_pelvic_pain,Fever,Fever,CL_GYN_PID,3,50,1.50,11
gyn_pelvic_pain,Discharge,Discharge,CL_GYN_PID,3,50,1.50,12
gyn_pelvic_pain,After activity,After activity,CL_GYN_RUPTURED_CYST,3,50,1.50,13
gyn_pelvic_pain,Menses related,Menses related,CL_GYN_ENDOMETRIOSIS,3,50,1.50,14
gyn_pelvic_pain,Pelvic pressure,Pelvic pressure,CL_GYN_FIBROIDS,3,50,1.50,15
headache,Benign Tension (benign - auto-generated),Benign Tension (benign - auto-generated),CL_HA_BENIGN_TENSION,1,30,0.30,1
hyperglycemia,Stress Hyperglycemia (benign - auto-generated),Stress Hyperglycemia (benign - auto-generated),CL_GLU_STRESS_HYPERGLYCEMIA,1,30,0.30,1
id_animal_bite_wound_infection,nec_fas rule 4,nec fas rule 4,CL_IDBW_NEC_FAS,5,50,2.50,1
id_animal_bite_wound_infection,rabies_exposure rule 5,rabies exposure rule 5,CL_IDBW_RABIES_EXPOSURE,4,50,2.00,2
id_animal_bite_wound_infection,cellulitis_bite rule 1,cellulitis bite rule 1,CL_IDBW_CELLULITIS_BITE,3,50,1.50,3
id_animal_bite_wound_infection,high_risk_bite rule 3,high risk bite rule 3,CL_IDBW_HIGH_RISK_BITE,3,50,1.50,4
id_animal_bite_wound_infection,cellulitis_bite rule 2,cellulitis bite rule 2,CL_IDBW_CELLULITIS_BITE,2,50,1.00,5
id_animal_bite_wound_infection,simple_bite rule 6,simple bite rule 6,CL_IDBW_SIMPLE_BITE,1,50,0.50,6
id_fever,Neck stiffness present,Neck stiffness present,CL_FEV_MENINGITIS,4,100,4.00,1
id_fever,Immunocompromised,Immunocompromised,CL_FEV_NEUTROPENIC,3,95,2.85,2
id_fever,Recent chemotherapy,Recent chemotherapy,CL_FEV_NEUTROPENIC,3,95,2.85,3
id_fever,Urinary symptoms,Urinary symptoms,CL_FEV_URINARY_SRC,3,80,2.40,4
id_fever,Skin wound present,Skin wound present,CL_FEV_SKIN_SRC,3,75,2.25,5
id_fever,Confusion present,Confusion present,CL_FEV_MENINGITIS,2,100,2.00,6
id_fever,Cough present,Cough present,CL_FEV_PNEUMONIA_SRC,2,85,1.70,7
id_fever,SOB present,SOB present,CL_FEV_PNEUMONIA_SRC,2,85,1.70,8
id_fever,No focal source,No focal source,CL_FEV_VIRAL,2,50,1.00,9
id_fever,Severe chills,Severe chills,CL_FEV_NEUTROPENIC,1,95,0.95,10
id_flu_like,pneumonia_risk rule 3,pneumonia risk rule 3,CL_IDFL_PNEUMONIA_RISK,3,50,1.50,1
id_flu_like,influenza_like rule 1,influenza like rule 1,CL_IDFL_INFLUENZA_LIKE,2,50,1.00,2
id_flu_like,viral_uri rule 2,viral uri rule 2,CL_IDFL_VIRAL_URI,2,50,1.00,3
id_flu_like,pneumonia_risk rule 4,pneumonia risk rule 4,CL_IDFL_PNEUMONIA_RISK,2,50,1.00,4
id_flu_like,complicated_flu rule 5,complicated flu rule 5,CL_IDFL_COMPLICATED_FLU,2,50,1.00,5
id_flu_like,BOOST_PNA_SOB_FEVER suppressor,BOOST PNA SOB FEVER suppressor,CL_IDFL_PNEUMONIA_RISK,2,50,1.00,6
id_flu_like,complicated_flu rule 6,complicated flu rule 6,CL_IDFL_COMPLICATED_FLU,1,50,0.50,7
insomnia,No pain or fever,No pain or fever,CL_I_BENIGN,3,3,0.09,1
insomnia,Pain present,Pain present,CL_I_SECONDARY,2,2,0.04,2
insomnia,Baseline,Baseline,CL_I_BENIGN,1,3,0.03,3
insomnia,Fever present,Fever present,CL_I_PRIMARY,2,1,0.02,4
insomnia,SOB present,SOB present,CL_I_PRIMARY,2,1,0.02,5
msk_back_pain,cauda equina saddle,cauda equina saddle,CL_BKPN_CAUDA_EQUINA,6,100,6.00,1
msk_back_pain,cancer history,cancer history,CL_BKPN_CANCER_REDFLAG,4,85,3.40,2
msk_back_pain,spinal infection fever,spinal infection fever,CL_BKPN_SPINAL_INFECTION,3,95,2.85,3
msk_back_pain,spinal infection IVDU,spinal infection IVDU,CL_BKPN_SPINAL_INFECTION,3,95,2.85,4
msk_back_pain,fracture trauma,fracture trauma,CL_BKPN_FRACTURE,3,90,2.70,5
msk_back_pain,cauda equina weakness,cauda equina weakness,CL_BKPN_CAUDA_EQUINA,2,100,2.00,6
msk_back_pain,spinal infection recent infection,spinal infection recent infection,CL_BKPN_SPINAL_INFECTION,2,95,1.90,7
msk_back_pain,fracture severe pain,fracture severe pain,CL_BKPN_FRACTURE,2,90,1.80,8
msk_back_pain,night pain,night pain,CL_BKPN_CANCER_REDFLAG,2,85,1.70,9
msk_back_pain,radicular weakness,radicular weakness,CL_BKPN_RADICULAR,2,70,1.40,10
msk_back_pain,leg pain below knee,leg pain below knee,CL_BKPN_RADICULAR,2,70,1.40,11
msk_back_pain,dermatomal numbness,dermatomal numbness,CL_BKPN_RADICULAR,2,70,1.40,12
msk_back_pain,spinal infection severe pain,spinal infection severe pain,CL_BKPN_SPINAL_INFECTION,1,95,0.95,13
msk_back_pain,worse with valsalva,worse with valsalva,CL_BKPN_RADICULAR,1,70,0.70,14
msk_back_pain,mechanical baseline,mechanical baseline,CL_BKPN_MECHANICAL,1,60,0.60,15
msk_joint_pain,septic_arthritis rule 1,septic arthritis rule 1,CL_JTPN_SEPTIC_ARTHRITIS,3,50,1.50,1
msk_joint_pain,septic_arthritis rule 2,septic arthritis rule 2,CL_JTPN_SEPTIC_ARTHRITIS,2,50,1.00,2
msk_joint_pain,sprain_strain rule 1,sprain strain rule 1,CL_JTPN_SPRAIN_STRAIN,2,50,1.00,3
msk_joint_pain,inflammatory rule 1,inflammatory rule 1,CL_JTPN_INFLAMMATORY,2,50,1.00,4
msk_joint_pain,reactive rule 1,reactive rule 1,CL_JTPN_REACTIVE,2,50,1.00,5
msk_joint_pain,degenerative rule 1,degenerative rule 1,CL_JTPN_DEGENERATIVE,2,50,1.00,6
msk_joint_pain,BOOST_SEP_MONO_FEVER suppressor,BOOST SEP MONO FEVER suppressor,CL_JTPN_SEPTIC_ARTHRITIS,2,50,1.00,7
msk_joint_pain,BOOST_INF_POLY suppressor,BOOST INF POLY suppressor,CL_JTPN_INFLAMMATORY,1,50,0.50,8
msk_sprain_injury,fracture_dislocation rule 1,fracture dislocation rule 1,CL_SINJ_FRACTURE_DISLOCATION,4,50,2.00,1
msk_sprain_injury,nv_issue rule 1,nv issue rule 1,CL_SINJ_NV_ISSUE,4,50,2.00,2
msk_sprain_injury,fracture_dislocation rule 2,fracture dislocation rule 2,CL_SINJ_FRACTURE_DISLOCATION,2,50,1.00,3
msk_sprain_injury,sprain_strain rule 1,sprain strain rule 1,CL_SINJ_SPRAIN_STRAIN,2,50,1.00,4
msk_sprain_injury,BOOST_FX_DEFORM suppressor,BOOST FX DEFORM suppressor,CL_SINJ_FRACTURE_DISLOCATION,2,50,1.00,5
msk_sprain_injury,BOOST_FX_UNABLE_WEIGHT suppressor,BOOST FX UNABLE WEIGHT suppressor,CL_SINJ_FRACTURE_DISLOCATION,1,50,0.50,6
nasal_congestion,Viral Rhinosinusitis (benign - auto-generated),Viral Rhinosinusitis (benign - auto-generated),CL_SP_VIRAL_RHINOSINUSITIS,1,30,0.30,1
neuro_confusion_ams,Stroke signs,Stroke signs,CL_AMS_STROKE,3,50,1.50,1
neuro_confusion_ams,Low glucose,Low glucose,CL_AMS_METABOLIC_TOXIC,2,50,1.00,2
neuro_confusion_ams,Toxic,Toxic,CL_AMS_METABOLIC_TOXIC,2,50,1.00,3
neuro_confusion_ams,Fever,Fever,CL_AMS_INFECTION,2,50,1.00,4
neuro_confusion_ams,Sudden,Sudden,CL_AMS_STROKE,1,50,0.50,5
neuro_dizziness_vertigo,Ear symptoms,Ear symptoms,CL_DIZV_MENIERE,3,50,1.50,1
neuro_dizziness_vertigo,BOOST_VN_NEURODEF_V1 suppressor,BOOST VN NEURODEF V1 suppressor,CL_DIZV_VESTIBULAR_NEURITIS,3,50,1.50,2
neuro_dizziness_vertigo,Spinning vertigo,Spinning vertigo,CL_DIZV_BPPV,2,50,1.00,3
neuro_dizziness_vertigo,No neuro deficit,No neuro deficit,CL_DIZV_BPPV,1,50,0.50,4
neuro_dizziness_vertigo,Spinning,Spinning,CL_DIZV_VESTIBULAR_NEURITIS,1,50,0.50,5
neuro_dizziness_vertigo,Vomiting,Vomiting,CL_DIZV_VESTIBULAR_NEURITIS,1,50,0.50,6
neuro_headache,Thunderclap onset,Thunderclap onset,CL_NHA_SAH_LIKE,6,100,6.00,1
neuro_headache,Fever with neck stiffness,Fever with neck stiffness,CL_NHA_MENINGITIS_LIKE,6,90,5.40,2
neuro_headache,Petechial/purpuric rash (meningococcemia),Petechial/purpuric rash (meningococcemia),CL_NHA_MENINGITIS_LIKE,4,90,3.60,3
neuro_headache,Jaw claudication,Jaw claudication,CL_NHA_GCA,3,80,2.40,4
neuro_headache,Focal neurologic deficit,Focal neurologic deficit,CL_NHA_SAH_LIKE,2,100,2.00,5
neuro_headache,Immunocompromised risk,Immunocompromised risk,CL_NHA_MENINGITIS_LIKE,2,90,1.80,6
neuro_headache,Age > 50,Age > 50,CL_NHA_GCA,2,80,1.60,7
neuro_headache,Scalp tenderness,Scalp tenderness,CL_NHA_GCA,2,80,1.60,8
neuro_headache,Eye pain/vision loss,Eye pain/vision loss,CL_NHA_GCA,2,80,1.60,9
neuro_headache,Band-like tension pattern,Band-like tension pattern,CL_NHA_TENSION,3,50,1.50,10
neuro_headache,Photophobia/nausea (migraine),Photophobia/nausea (migraine),CL_NHA_MIGRAINE,2,60,1.20,11
neuro_headache,Unilateral throbbing,Unilateral throbbing,CL_NHA_MIGRAINE,2,60,1.20,12
neuro_headache,Not thunderclap,Not thunderclap,CL_NHA_MIGRAINE,1,60,0.60,13
neuro_headache,No focal deficit,No focal deficit,CL_NHA_MIGRAINE,1,60,0.60,14
neuro_headache,No danger signals (benign pattern),No danger signals (benign pattern),CL_NHA_MIGRAINE,1,60,0.60,15
neuro_seizure,Status epilepticus,Status epilepticus,CL_SEIZ_STATUS,5,50,2.50,1
neuro_seizure,First seizure,First seizure,CL_SEIZ_FIRST_TIME,4,50,2.00,2
neuro_seizure,Metabolic cause,Metabolic cause,CL_SEIZ_PROVOKED,3,50,1.50,3
neuro_seizure,Fever,Fever,CL_SEIZ_PROVOKED,2,50,1.00,4
neuro_seizure,Known epilepsy,Known epilepsy,CL_SEIZ_BREAKTHROUGH,2,50,1.00,5
neuro_syncope,Exertional,Exertional,CL_SYNC_CARDIAC_SYNCOPE,3,50,1.50,1
neuro_syncope,Bleeding signs,Bleeding signs,CL_SYNC_BLEED_RELATED,3,50,1.50,2
neuro_syncope,Cardiac symptoms,Cardiac symptoms,CL_SYNC_CARDIAC_SYNCOPE,2,50,1.00,3
neuro_syncope,Not exertional,Not exertional,CL_SYNC_VASOVAGAL,1,50,0.50,4
neuro_syncope,No cardiac,No cardiac,CL_SYNC_VASOVAGAL,1,50,0.50,5
neuro_weakness_numbness,Spinal signs,Spinal signs,CL_WKNUM_SPINAL_PROCESS,3,50,1.50,1
neuro_weakness_numbness,Sudden onset,Sudden onset,CL_WKNUM_STROKE_TIA,2,50,1.00,2
neuro_weakness_numbness,One-sided,One-sided,CL_WKNUM_STROKE_TIA,2,50,1.00,3
neuro_weakness_numbness,Face/speech,Face/speech,CL_WKNUM_STROKE_TIA,2,50,1.00,4
neuro_weakness_numbness,Gradual onset,Gradual onset,CL_WKNUM_PERIPHERAL,1,50,0.50,5
ophtho_eye_pain_foreign_body,chemical_injury rule 4,chemical injury rule 4,CL_OEPFB_CHEMICAL_INJURY,5,50,2.50,1
ophtho_eye_pain_foreign_body,foreign_body rule 1,foreign body rule 1,CL_OEPFB_FOREIGN_BODY,3,50,1.50,2
ophtho_eye_pain_foreign_body,keratitis rule 3,keratitis rule 3,CL_OEPFB_KERATITIS,3,50,1.50,3
ophtho_eye_pain_foreign_body,abrasion rule 2,abrasion rule 2,CL_OEPFB_ABRASION,2,50,1.00,4
ophtho_eye_pain_foreign_body,abrasion rule 5,abrasion rule 5,CL_OEPFB_ABRASION,1,50,0.50,5
ophtho_red_eye,trauma or chemical exposure,trauma or chemical exposure,CL_ORE_TRAUMA_CHEM,6,100,6.00,1
ophtho_red_eye,contact lens wearer,contact lens wearer,CL_ORE_KERATITIS,3,90,2.70,2
ophtho_red_eye,severe pain,severe pain,CL_ORE_UVEITIS_GLAUCOMA,3,85,2.55,3
ophtho_red_eye,purulent discharge,purulent discharge,CL_ORE_BACT_CONJ,3,70,2.10,4
ophtho_red_eye,vision change with trauma,vision change with trauma,CL_ORE_TRAUMA_CHEM,2,100,2.00,5
ophtho_red_eye,keratitis pain/photo/vision,keratitis pain/photo/vision,CL_ORE_KERATITIS,2,90,1.80,6
ophtho_red_eye,photophobia,photophobia,CL_ORE_UVEITIS_GLAUCOMA,2,85,1.70,7
ophtho_red_eye,halo vision,halo vision,CL_ORE_UVEITIS_GLAUCOMA,2,85,1.70,8
ophtho_red_eye,vision change,vision change,CL_ORE_UVEITIS_GLAUCOMA,2,85,1.70,9
ophtho_red_eye,no pus discharge,no pus discharge,CL_ORE_VIRAL_CONJ,2,50,1.00,10
ophtho_red_eye,foreign body sensation,foreign body sensation,CL_ORE_KERATITIS,1,90,0.90,11
ophtho_red_eye,no pain no photophobia,no pain no photophobia,CL_ORE_BACT_CONJ,1,70,0.70,12
ophtho_red_eye,no pain/photo/vision,no pain/photo/vision,CL_ORE_VIRAL_CONJ,1,50,0.50,13
ophtho_vision_loss,stroke_visual rule 4,stroke visual rule 4,CL_OVL_STROKE_VISUAL,5,50,2.50,1
ophtho_vision_loss,traumatic_injury rule 5,traumatic injury rule 5,CL_OVL_TRAUMATIC_INJURY,5,50,2.50,2
ophtho_vision_loss,retinal_detachment rule 1,retinal detachment rule 1,CL_OVL_RETINAL_DETACHMENT,4,50,2.00,3
ophtho_vision_loss,vascular_event rule 2,vascular event rule 2,CL_OVL_VASCULAR_EVENT,4,50,2.00,4
ophtho_vision_loss,acute_glaucoma rule 3,acute glaucoma rule 3,CL_OVL_ACUTE_GLAUCOMA,4,50,2.00,5
ophtho_vision_loss,migraine_aura rule 6,migraine aura rule 6,CL_OVL_MIGRAINE_AURA,2,50,1.00,6
ophtho_vision_loss,migraine_aura rule 7,migraine aura rule 7,CL_OVL_MIGRAINE_AURA,1,50,0.50,7
ortho_trauma_fracture_dislocation,open_fracture rule 3,open fracture rule 3,CL_OTFX_OPEN_FRACTURE,6,50,3.00,1
ortho_trauma_fracture_dislocation,nv_compromise rule 4,nv compromise rule 4,CL_OTFX_NV_COMPROMISE,6,50,3.00,2
ortho_trauma_fracture_dislocation,fracture_dislocation rule 1,fracture dislocation rule 1,CL_OTFX_FRACTURE_DISLOCATION,4,50,2.00,3
ortho_trauma_fracture_dislocation,fracture_dislocation rule 2,fracture dislocation rule 2,CL_OTFX_FRACTURE_DISLOCATION,2,50,1.00,4
ortho_trauma_fracture_dislocation,sprain_strain rule 5,sprain strain rule 5,CL_OTFX_SPRAIN_STRAIN,2,50,1.00,5
ortho_trauma_fracture_dislocation,fracture_dislocation rule 6,fracture dislocation rule 6,CL_OTFX_FRACTURE_DISLOCATION,1,50,0.50,6
ortho_trauma_head_injury,Neurodeficit present,Neurodeficit present,CL_HI_HIGH_RISK_NEURO,6,100,6.00,1
ortho_trauma_head_injury,Blood thinner present,Blood thinner present,CL_HI_ICH_RISK,4,95,3.80,2
ortho_trauma_head_injury,Dangerous mechanism,Dangerous mechanism,CL_HI_DANGER_MECH,3,80,2.40,3
ortho_trauma_head_injury,LOC present,LOC present,CL_HI_CONCUSSION,3,70,2.10,4
ortho_trauma_head_injury,Vomiting present,Vomiting present,CL_HI_ICH_RISK,2,95,1.90,5
ortho_trauma_head_injury,Worsening symptoms,Worsening symptoms,CL_HI_ICH_RISK,2,95,1.90,6
ortho_trauma_head_injury,No significant findings,No significant findings,CL_HI_MINOR,3,50,1.50,7
ortho_trauma_head_injury,Severe headache,Severe headache,CL_HI_CONCUSSION,2,70,1.40,8
ortho_trauma_head_injury,Amnesia present,Amnesia present,CL_HI_CONCUSSION,2,70,1.40,9
ortho_trauma_head_injury,Age 65+,Age 65+,CL_HI_DANGER_MECH,1,80,0.80,10
ortho_trauma_head_injury,Intoxicated,Intoxicated,CL_HI_DANGER_MECH,1,80,0.80,11
ortho_trauma_laceration,tendon_nerve_injury rule 3,tendon nerve injury rule 3,CL_OTLAC_TENDON_NERVE_INJURY,5,50,2.50,1
ortho_trauma_laceration,needs_repair rule 2,needs repair rule 2,CL_OTLAC_NEEDS_REPAIR,3,50,1.50,2
ortho_trauma_laceration,infection_risk rule 4,infection risk rule 4,CL_OTLAC_INFECTION_RISK,3,50,1.50,3
ortho_trauma_laceration,cosmetic_risk rule 5,cosmetic risk rule 5,CL_OTLAC_COSMETIC_RISK,3,50,1.50,4
ortho_trauma_laceration,simple_lac rule 1,simple lac rule 1,CL_OTLAC_SIMPLE_LAC,2,50,1.00,5
ortho_trauma_laceration,simple_lac rule 6,simple lac rule 6,CL_OTLAC_SIMPLE_LAC,1,50,0.50,6
psych_agitation_psychosis,delirium_medical rule 1,delirium medical rule 1,CL_PAGIT_DELIRIUM_MEDICAL,5,50,2.50,1
psych_agitation_psychosis,acute_psychosis rule 1,acute psychosis rule 1,CL_PAGIT_ACUTE_PSYCHOSIS,4,50,2.00,2
psych_agitation_psychosis,agitation rule 1,agitation rule 1,CL_PAGIT_AGITATION,4,50,2.00,3
psych_agitation_psychosis,BOOST_DELIR_FEVER suppressor,BOOST DELIR FEVER suppressor,CL_PAGIT_DELIRIUM_MEDICAL,4,50,2.00,4
psych_agitation_psychosis,substance_induced rule 1,substance induced rule 1,CL_PAGIT_SUBSTANCE_INDUCED,3,50,1.50,5
psych_agitation_psychosis,agitation rule 2,agitation rule 2,CL_PAGIT_AGITATION,3,50,1.50,6
psych_agitation_psychosis,BOOST_AP_HALLUC suppressor,BOOST AP HALLUC suppressor,CL_PAGIT_ACUTE_PSYCHOSIS,3,50,1.50,7
psych_agitation_psychosis,BOOST_AG_VIOLENT suppressor,BOOST AG VIOLENT suppressor,CL_PAGIT_AGITATION,2,50,1.00,8
psych_agitation_psychosis,BOOST_AG_UNSAFE suppressor,BOOST AG UNSAFE suppressor,CL_PAGIT_AGITATION,2,50,1.00,9
psych_anxiety_panic,Syncope,Syncope,CL_PANIC_MEDICAL_MIMIC,4,100,4.00,1
psych_anxiety_panic,New neuro symptoms,New neuro symptoms,CL_PANIC_MEDICAL_MIMIC,4,100,4.00,2
psych_anxiety_panic,Substance use,Substance use,CL_PANIC_SUBSTANCE,4,80,3.20,3
psych_anxiety_panic,Chest pain,Chest pain,CL_PANIC_MEDICAL_MIMIC,3,100,3.00,4
psych_anxiety_panic,SOB,SOB,CL_PANIC_MEDICAL_MIMIC,3,100,3.00,5
psych_anxiety_panic,Withdrawal,Withdrawal,CL_PANIC_SUBSTANCE,3,80,2.40,6
psych_anxiety_panic,Fever,Fever,CL_PANIC_MEDICAL_MIMIC,2,100,2.00,7
psych_anxiety_panic,Sudden onset,Sudden onset,CL_PANIC_PRIMARY,3,60,1.80,8
psych_anxiety_panic,No cardiopulm,No cardiopulm,CL_PANIC_PRIMARY,2,60,1.20,9
psych_anxiety_panic,No medical overlap,No medical overlap,CL_PANIC_SUBSTANCE,1,80,0.80,10
psych_anxiety_panic,No neuro/fever,No neuro/fever,CL_PANIC_PRIMARY,1,60,0.60,11
psych_depression_suicidal_ideation,suicide_risk rule 1,suicide risk rule 1,CL_PDEP_SUICIDE_RISK,4,50,2.00,1
psych_depression_suicidal_ideation,suicide_risk rule 2,suicide risk rule 2,CL_PDEP_SUICIDE_RISK,4,50,2.00,2
psych_depression_suicidal_ideation,psychotic_depression rule 1,psychotic depression rule 1,CL_PDEP_PSYCHOTIC_DEPRESSION,4,50,2.00,3
psych_depression_suicidal_ideation,substance_related rule 1,substance related rule 1,CL_PDEP_SUBSTANCE_RELATED,3,50,1.50,4
psych_depression_suicidal_ideation,BOOST_SR_SI_V4 suppressor,BOOST SR SI V4 suppressor,CL_PDEP_SUICIDE_RISK,3,50,1.50,5
psych_depression_suicidal_ideation,BOOST_SR_INTENT_V4 suppressor,BOOST SR INTENT V4 suppressor,CL_PDEP_SUICIDE_RISK,3,50,1.50,6
psych_depression_suicidal_ideation,major_depression rule 1,major depression rule 1,CL_PDEP_MAJOR_DEPRESSION,2,50,1.00,7
psych_depression_suicidal_ideation,BOOST_PD_PSYCH_V4 suppressor,BOOST PD PSYCH V4 suppressor,CL_PDEP_PSYCHOTIC_DEPRESSION,1,50,0.50,8
pulm_chest_tightness,Wheezing,Wheezing,CL_PCT_ASTHMA,4,50,2.00,1
pulm_chest_tightness,Fever,Fever,CL_PCT_PNEUMONIA,4,50,2.00,2
pulm_chest_tightness,Non-pressure pattern,Non-pressure pattern,CL_PCT_PLEURISY,3,50,1.50,3
pulm_chest_tightness,SOB,SOB,CL_PCT_ASTHMA,2,50,1.00,4
pulm_chest_tightness,No fever,No fever,CL_PCT_PLEURISY,2,50,1.00,5
pulm_chest_tightness,SOB with fever,SOB with fever,CL_PCT_PNEUMONIA,2,50,1.00,6
pulm_chest_tightness,BOOST_ASTHMA_WHEEZE_V1 suppressor,BOOST ASTHMA WHEEZE V1 suppressor,CL_PCT_ASTHMA,2,50,1.00,7
pulm_cough,Fever,Fever,CL_PCO_PNEUMONIA,4,100,4.00,1
pulm_cough,Wheezing,Wheezing,CL_PCO_ASTHMA_REACTIVE,4,90,3.60,2
pulm_cough,Heartburn/acid reflux,Heartburn/acid reflux,CL_PCO_GERD_COUGH,3,70,2.10,3
pulm_cough,SOB,SOB,CL_PCO_PNEUMONIA,2,100,2.00,4
pulm_cough,Chest pain,Chest pain,CL_PCO_PNEUMONIA,2,100,2.00,5
pulm_cough,Immunocompromised risk,Immunocompromised risk,CL_PCO_PNEUMONIA,2,100,2.00,6
pulm_cough,Post-nasal drip symptom,Post-nasal drip symptom,CL_PCO_POSTNASAL,3,65,1.95,7
pulm_cough,Nocturnal/exercise pattern,Nocturnal/exercise pattern,CL_PCO_ASTHMA_REACTIVE,2,90,1.80,8
pulm_cough,Duration under 2 weeks,Duration under 2 weeks,CL_PCO_VIRAL_BRONCHITIS,3,50,1.50,9
pulm_cough,Nocturnal cough (reflux pattern),Nocturnal cough (reflux pattern),CL_PCO_GERD_COUGH,2,70,1.40,10
pulm_cough,Duration 7+ days,Duration 7+ days,CL_PCO_POSTNASAL,2,65,1.30,11
pulm_cough,No fever,No fever,CL_PCO_VIRAL_BRONCHITIS,2,50,1.00,12
pulm_cough,Prolonged duration,Prolonged duration,CL_PCO_PNEUMONIA,1,100,1.00,13
pulm_cough,No fever (non-infectious),No fever (non-infectious),CL_PCO_GERD_COUGH,1,70,0.70,14
pulm_cough,No wheeze,No wheeze,CL_PCO_POSTNASAL,1,65,0.65,15
pulm_hemoptysis,Fever,Fever,CL_HEMO_PNEUMONIA,4,50,2.00,1
pulm_hemoptysis,DVT/PE risk,DVT/PE risk,CL_HEMO_PE,4,50,2.00,2
pulm_hemoptysis,Small streaks,Small streaks,CL_HEMO_BRONCHITIS,3,50,1.50,3
pulm_hemoptysis,Chest pain,Chest pain,CL_HEMO_PE,3,50,1.50,4
pulm_hemoptysis,SOB,SOB,CL_HEMO_PE,3,50,1.50,5
pulm_hemoptysis,No fever,No fever,CL_HEMO_BRONCHITIS,2,50,1.00,6
pulm_shortness_of_breath,Wheezing,Wheezing,CL_SOB_ASTHMA_COPD,4,50,2.00,1
pulm_shortness_of_breath,Fever,Fever,CL_SOB_PNEUMONIA,4,50,2.00,2
pulm_shortness_of_breath,Heart failure history,Heart failure history,CL_SOB_CHF,4,50,2.00,3
pulm_shortness_of_breath,Sudden onset,Sudden onset,CL_SOB_PE,4,50,2.00,4
pulm_shortness_of_breath,DVT risk,DVT risk,CL_SOB_PE,4,50,2.00,5
pulm_shortness_of_breath,Rest dyspnea,Rest dyspnea,CL_SOB_CHF,2,50,1.00,6
pulm_shortness_of_breath,Rest dyspnea with fever,Rest dyspnea with fever,CL_SOB_PNEUMONIA,1,50,0.50,7
pulm_shortness_of_breath,Leg edema,Leg edema,CL_SOB_CHF,1,50,0.50,8
pulm_wheezing,Allergic symptoms,Allergic symptoms,CL_WHZ_ALLERGIC_REACTION,10,50,5.00,1
pulm_wheezing,Known trigger,Known trigger,CL_WHZ_ASTHMA_EXAC,3,50,1.50,2
pulm_wheezing,Fever (viral trigger),Fever (viral trigger),CL_WHZ_VIRAL_TRIGGER,3,50,1.50,3
pulm_wheezing,Inhaler responsive,Inhaler responsive,CL_WHZ_ASTHMA_EXAC,2,50,1.00,4
pulm_wheezing,SOB with allergy,SOB with allergy,CL_WHZ_ALLERGIC_REACTION,2,50,1.00,5
pulm_wheezing,SOB with viral,SOB with viral,CL_WHZ_VIRAL_TRIGGER,1,50,0.50,6
sinus_pressure,Viral Rhinosinusitis (benign - auto-generated),Viral Rhinosinusitis (benign - auto-generated),CL_SP_VIRAL_RHINOSINUSITIS,1,30,0.30,1
sinus_pressure,No pain or fever,No pain or fever,CL_SP_BENIGN,3,3,0.09,2
sinus_pressure,Pain present,Pain present,CL_SP_SECONDARY,2,2,0.04,3
sinus_pressure,Baseline,Baseline,CL_SP_BENIGN,1,3,0.03,4
sinus_pressure,Fever present,Fever present,CL_SP_PRIMARY,2,1,0.02,5
sinus_pressure,SOB present,SOB present,CL_SP_PRIMARY,2,1,0.02,6
sore_throat,Postnasal Drip (benign - auto-generated),Postnasal Drip (benign - auto-generated),CL_ST_POSTNASAL_DRIP,1,30,0.30,1
tox_overdose_intoxication,opioid resp depression,opioid resp depression,CL_TOX_OPIOID_LIKE,6,100,6.00,1
tox_overdose_intoxication,serotonin tremor/clonus,serotonin tremor/clonus,CL_TOX_SEROTONIN_LIKE,4,95,3.80,2
tox_overdose_intoxication,anticholinergic dry skin,anticholinergic dry skin,CL_TOX_ANTICHOLINERGIC_LIKE,3,90,2.70,3
tox_overdose_intoxication,stimulant chest pain,stimulant chest pain,CL_TOX_STIMULANT_LIKE,3,85,2.55,4
tox_overdose_intoxication,sedative AMS,sedative AMS,CL_TOX_SEDATIVE_LIKE,3,70,2.10,5
tox_overdose_intoxication,opioid AMS,opioid AMS,CL_TOX_OPIOID_LIKE,2,100,2.00,6
tox_overdose_intoxication,opioid pinpoint pupils,opioid pinpoint pupils,CL_TOX_OPIOID_LIKE,2,100,2.00,7
tox_overdose_intoxication,serotonin hyperthermia,serotonin hyperthermia,CL_TOX_SEROTONIN_LIKE,2,95,1.90,8
tox_overdose_intoxication,serotonin SSRI/MAOI,serotonin SSRI/MAOI,CL_TOX_SEROTONIN_LIKE,2,95,1.90,9
tox_overdose_intoxication,anticholinergic agitation,anticholinergic agitation,CL_TOX_ANTICHOLINERGIC_LIKE,2,90,1.80,10
tox_overdose_intoxication,anticholinergic hallucinations,anticholinergic hallucinations,CL_TOX_ANTICHOLINERGIC_LIKE,2,90,1.80,11
tox_overdose_intoxication,stimulant agitation,stimulant agitation,CL_TOX_STIMULANT_LIKE,2,85,1.70,12
tox_overdose_intoxication,mixed unknown substance,mixed unknown substance,CL_TOX_MIXED_UNKNOWN,3,50,1.50,13
tox_overdose_intoxication,mixed seizure,mixed seizure,CL_TOX_MIXED_UNKNOWN,2,50,1.00,14
tox_overdose_intoxication,serotonin diaphoresis,serotonin diaphoresis,CL_TOX_SEROTONIN_LIKE,1,95,0.95,15
tox_poisoning_exposure,corrosive_injury rule 1,corrosive injury rule 1,CL_TOXPX_CORROSIVE_INJURY,5,50,2.50,1
tox_poisoning_exposure,inhalation_injury rule 2,inhalation injury rule 2,CL_TOXPX_INHALATION_INJURY,5,50,2.50,2
tox_poisoning_exposure,systemic_toxicity rule 3,systemic toxicity rule 3,CL_TOXPX_SYSTEMIC_TOXICITY,4,50,2.00,3
tox_poisoning_exposure,unknown_exposure rule 5,unknown exposure rule 5,CL_TOXPX_UNKNOWN_EXPOSURE,3,50,1.50,4
tox_poisoning_exposure,gi_toxicity rule 4,gi toxicity rule 4,CL_TOXPX_GI_TOXICITY,2,50,1.00,5
tox_poisoning_exposure,unknown_exposure rule 6,unknown exposure rule 6,CL_TOXPX_UNKNOWN_EXPOSURE,1,50,0.50,6
tox_withdrawal,severe_withdrawal rule 3,severe withdrawal rule 3,CL_TOXWD_SEVERE_WITHDRAWAL,6,50,3.00,1
tox_withdrawal,severe_withdrawal rule 1,severe withdrawal rule 1,CL_TOXWD_SEVERE_WITHDRAWAL,5,50,2.50,2
tox_withdrawal,severe_withdrawal rule 2,severe withdrawal rule 2,CL_TOXWD_SEVERE_WITHDRAWAL,3,50,1.50,3
tox_withdrawal,BOOST_SEV_SEIZURE suppressor,BOOST SEV SEIZURE suppressor,CL_TOXWD_SEVERE_WITHDRAWAL,3,50,1.50,4
tox_withdrawal,BOOST_SEV_HALLUC suppressor,BOOST SEV HALLUC suppressor,CL_TOXWD_SEVERE_WITHDRAWAL,3,50,1.50,5
tox_withdrawal,moderate_withdrawal rule 4,moderate withdrawal rule 4,CL_TOXWD_MODERATE_WITHDRAWAL,2,50,1.00,6
tox_withdrawal,moderate_withdrawal rule 5,moderate withdrawal rule 5,CL_TOXWD_MODERATE_WITHDRAWAL,2,50,1.00,7
tox_withdrawal,mild_withdrawal rule 6,mild withdrawal rule 6,CL_TOXWD_MILD_WITHDRAWAL,1,50,0.50,8
tox_withdrawal,BOOST_MOD_VOMIT_ONLY suppressor,BOOST MOD VOMIT ONLY suppressor,CL_TOXWD_MODERATE_WITHDRAWAL,1,50,0.50,9
